[
  {
    "id": 1,
    "section": "vocabulary",
    "question": "「教室」の いみは どれですか。",
    "choices": ["クラス", "べんきょうする へや", "しょくどう", "かいぎ"],
    "correctAnswer": 1,
    "audio": null
  },
  {
    "id": 2,
    "section": "vocabulary",
    "question": "あしたは（　　　）ですから、かいしゃへ いきません。",
    "choices": ["しごと", "へいじつ", "やすみ", "かいぎ"],
    "correctAnswer": 2,
    "audio": null
  },
  {
    "id": 3,
    "section": "vocabulary",
    "question": "この かんじの よみかたは どれですか。\n\n「入口」",
    "choices": ["でぐち", "いりぐち", "いれぐち", "はいぐち"],
    "correctAnswer": 1,
    "audio": null
  },
  {
    "id": 4,
    "section": "vocabulary",
    "question": "えを みて えらんでください。\nひとは なにを していますか。",
    "choices": ["はしります", "たべます", "およぎます", "ねます"],
    "correctAnswer": 2,
    "audio": null
  },
  {
    "id": 5,
    "section": "vocabulary",
    "question": "つくえの（　　　）に ほんが あります。",
    "choices": ["うえ", "そと", "となり", "なか"],
    "correctAnswer": 0,
    "audio": null
  },
  {
    "id": 6,
    "section": "vocabulary",
    "question": "「新しい」の いみは どれですか。",
    "choices": ["あたらしい", "ふるい", "ちいさい", "おおきい"],
    "correctAnswer": 0,
    "audio": null
  },
  {
    "id": 7,
    "section": "vocabulary",
    "question": "「聞きます」は なにを しますか。",
    "choices": ["みみで ききます", "めで みます", "はなします", "かきます"],
    "correctAnswer": 0,
    "audio": null
  },
  {
    "id": 8,
    "section": "vocabulary",
    "question": "まいにち にほんごを（　　　）。",
    "choices": ["べんきょうします", "あそびます", "はたらきます", "やすみます"],
    "correctAnswer": 0,
    "audio": null
  },
  {
    "id": 9,
    "section": "vocabulary",
    "question": "この かんじの よみかたは どれですか。\n\n「月」",
    "choices": ["ひ", "つき", "ほし", "そら"],
    "correctAnswer": 1,
    "audio": null
  },
  {
    "id": 10,
    "section": "vocabulary",
    "question": "ケーキは あまいです。あまいの いみは どれですか。",
    "choices": ["からい", "にがい", "すっぱい", "あまい"],
    "correctAnswer": 3,
    "audio": null
  },
  {
    "id": 11,
    "section": "vocabulary",
    "question": "「兄」は だれですか。",
    "choices": ["あね", "あに", "いもうと", "おとうと"],
    "correctAnswer": 1,
    "audio": null
  },
  {
    "id": 12,
    "section": "vocabulary",
    "question": "しごとが おわったら いえに（　　　）。",
    "choices": ["いきます", "きます", "かえります", "でます"],
    "correctAnswer": 2,
    "audio": null
  },
  {
    "id": 13,
    "section": "vocabulary",
    "question": "「会社」は どんな ばしょですか。",
    "choices": ["べんきょうする ばしょ", "はたらく ばしょ", "たべる ばしょ", "ねる ばしょ"],
    "correctAnswer": 1,
    "audio": null
  },
  {
    "id": 14,
    "section": "vocabulary",
    "question": "この ビルは たかいです。たかいの いみは どれですか。",
    "choices": ["ひくい", "みじかい", "たかい", "せまい"],
    "correctAnswer": 2,
    "audio": null
  },
  {
    "id": 15,
    "section": "vocabulary",
    "question": "この かんじの よみかたは どれですか。\n\n「雨」",
    "choices": ["くもり", "ゆき", "あめ", "はれ"],
    "correctAnswer": 2,
    "audio": null
  },
  {
    "id": 16,
    "section": "conversation",
    "question": "A: すみません。この ペンは いくらですか。\nB: （＿＿＿＿）。",
    "choices": ["それは ペンです", "１００えんです", "はい、そうです", "わたしのです"],
    "correctAnswer": 1,
    "audio": null
  },
  {
    "id": 17,
    "section": "conversation",
    "question": "A: いっしょに ひるごはんを たべませんか。\nB: （＿＿＿＿）。いきましょう。",
    "choices": ["ごちそうさまです", "いいですね", "ざんねんです", "だめです"],
    "correctAnswer": 1,
    "audio": null
  },
  {
    "id": 18,
    "section": "conversation",
    "question": "A: おしごとは なんですか。\nB: （＿＿＿＿）。",
    "choices": ["かいしゃいんです", "にほんじんです", "２５さいです", "えきです"],
    "correctAnswer": 0,
    "audio": null
  },
  {
    "id": 19,
    "section": "conversation",
    "question": "A: どうぞ めしあがって ください。\nB: はい、（＿＿＿＿）。",
    "choices": ["ごちそうさま", "いただきます", "すみません", "こんにちは"],
    "correctAnswer": 1,
    "audio": null
  },
  {
    "id": 20,
    "section": "conversation",
    "question": "A: トイレは どこですか。\nB: （＿＿＿＿）。",
    "choices": ["あそこです", "これです", "６じです", "でんしゃです"],
    "correctAnswer": 0,
    "audio": null
  },
  {
    "id": 21,
    "section": "conversation",
    "question": "A: げんきですか。\nB: （＿＿＿＿）。",
    "choices": ["はい、げんきです", "いいえ、そうです", "さようなら", "ありがとう"],
    "correctAnswer": 0,
    "audio": null
  },
  {
    "id": 22,
    "section": "conversation",
    "question": "A: おなまえは？\nB: （＿＿＿＿）。",
    "choices": ["たなかです", "はい", "にほんです", "２５さいです"],
    "correctAnswer": 0,
    "audio": null
  },
  {
    "id": 23,
    "section": "conversation",
    "question": "A: なんさいですか。\nB: （＿＿＿＿）。",
    "choices": ["がくせいです", "２０さいです", "かいしゃです", "おとこです"],
    "correctAnswer": 1,
    "audio": null
  },
  {
    "id": 24,
    "section": "conversation",
    "question": "A: どこへ いきますか。\nB: （＿＿＿＿）。",
    "choices": ["がっこうへ いきます", "たべます", "のみます", "ねます"],
    "correctAnswer": 0,
    "audio": null
  },
  {
    "id": 25,
    "section": "conversation",
    "question": "A: にほんごが すきですか。\nB: （＿＿＿＿）。",
    "choices": ["はい、すきです", "いいえ、にほんごです", "わかりません", "だれですか"],
    "correctAnswer": 0,
    "audio": null
  },
  {
    "id": 26,
    "section": "conversation",
    "question": "A: これを おねがいします。\nB: （＿＿＿＿）。",
    "choices": ["かしこまりました", "だめです", "しりません", "どうも"],
    "correctAnswer": 0,
    "audio": null
  },
  {
    "id": 27,
    "section": "conversation",
    "question": "A: ありがとうございます。\nB: （＿＿＿＿）。",
    "choices": ["どういたしまして", "ごめんなさい", "すみません", "はい"],
    "correctAnswer": 0,
    "audio": null
  },
  {
    "id": 28,
    "section": "conversation",
    "question": "A: いってきます。\nB: （＿＿＿＿）。",
    "choices": ["いってらっしゃい", "おかえりなさい", "ただいま", "いただきます"],
    "correctAnswer": 0,
    "audio": null
  },
  {
    "id": 29,
    "section": "conversation",
    "question": "A: ただいま。\nB: （＿＿＿＿）。",
    "choices": ["おかえりなさい", "いってらっしゃい", "おやすみ", "ごちそうさま"],
    "correctAnswer": 0,
    "audio": null
  },
  {
    "id": 30,
    "section": "conversation",
    "question": "A: おやすみなさい。\nB: （＿＿＿＿）。",
    "choices": ["おやすみなさい", "おはようございます", "こんにちは", "ありがとう"],
    "correctAnswer": 0,
    "audio": null
  },
  {
    "id": 31,
    "section": "listening",
    "question": "おとこのひとは なにで かいしゃへ いきますか。",
    "choices": ["バス", "でんしゃ", "じてんしゃ", "あるいて"],
    "correctAnswer": 2,
    "audio": null,
    "script": "おんなのひと： まいにち どうやって かいしゃへ いきますか。\nおとこのひと： じてんしゃで いきます。"
  },
  {
    "id": 32,
    "section": "listening",
    "question": "ふたりは なんじに あいますか。",
    "choices": ["１じ", "２じ", "３じ", "４じ"],
    "correctAnswer": 1,
    "audio": null,
    "script": "おとこのひと： なんじに あいましょうか。\nおんなのひと： ２じは どうですか。\nおとこのひと： いいですね。"
  },
  {
    "id": 33,
    "section": "listening",
    "question": "おんなのひとは なにを かいますか。",
    "choices": ["りんご", "みかん", "バナナ", "ぶどう"],
    "correctAnswer": 0,
    "audio": null,
    "script": "みせのひと： なにを かいますか。\nおんなのひと： りんごを ２つ ください。"
  },
  {
    "id": 34,
    "section": "listening",
    "question": "あしたの てんきは どうですか。",
    "choices": ["はれ", "くもり", "あめ", "ゆき"],
    "correctAnswer": 2,
    "audio": null,
    "script": "テレビ： あしたは あめが ふります。かさを もって ください。"
  },
  {
    "id": 35,
    "section": "listening",
    "question": "おとこのひとは どの ぼうしを かぶりますか。",
    "choices": ["あかい ぼうし", "しろい ぼうし", "くろい ぼうし", "あおい ぼうし"],
    "correctAnswer": 1,
    "audio": null,
    "script": "おんなのひと： あかい ぼうしは どうですか。\nおとこのひと： きょうは しろい ぼうしを かぶります。"
  },
  {
    "id": 36,
    "section": "listening",
    "question": "いま なんじですか。",
    "choices": ["１じ", "２じ", "３じ", "４じ"],
    "correctAnswer": 0,
    "audio": null,
    "script": "すみません、いま なんじですか。\n１じです。"
  },
  {
    "id": 37,
    "section": "listening",
    "question": "あさごはんに なにを たべますか。",
    "choices": ["パン", "ごはん", "めん", "ケーキ"],
    "correctAnswer": 0,
    "audio": null,
    "script": "あさごはんは なにを たべますか。\nパンを たべます。"
  },
  {
    "id": 38,
    "section": "listening",
    "question": "あそこに いる ひとは だれですか。",
    "choices": ["たなかさん", "やまださん", "すずきさん", "さとうさん"],
    "correctAnswer": 0,
    "audio": null,
    "script": "あそこに いる ひとは だれですか。\nたなかさんです。"
  },
  {
    "id": 39,
    "section": "listening",
    "question": "トイレは どこですか。",
    "choices": ["あそこです", "こちらです", "いまです", "でんしゃです"],
    "correctAnswer": 0,
    "audio": null,
    "script": "すみません、トイレは どこですか。\nあそこです。"
  },
  {
    "id": 40,
    "section": "listening",
    "question": "これは いくらですか。",
    "choices": ["１００えん", "２００えん", "３００えん", "４００えん"],
    "correctAnswer": 0,
    "audio": null,
    "script": "これは いくらですか。\n１００えんです。"
  },
  {
    "id": 41,
    "section": "listening",
    "question": "テストは いつですか。",
    "choices": ["きょう", "あした", "きのう", "らいしゅう"],
    "correctAnswer": 1,
    "audio": null,
    "script": "テストは いつですか。\nあしたです。"
  },
  {
    "id": 42,
    "section": "listening",
    "question": "あした なにを しますか。",
    "choices": ["べんきょうします", "しごとします", "やすみます", "りょこうします"],
    "correctAnswer": 0,
    "audio": null,
    "script": "あした なにを しますか。\nべんきょうします。"
  },
  {
    "id": 43,
    "section": "listening",
    "question": "どうやって がっこうへ いきますか。",
    "choices": ["バスで", "でんしゃで", "くるまで", "あるいて"],
    "correctAnswer": 0,
    "audio": null,
    "script": "どうやって がっこうへ いきますか。\nバスで いきます。"
  },
  {
    "id": 44,
    "section": "listening",
    "question": "すきな たべものは なんですか。",
    "choices": ["すし", "てんぷら", "ラーメン", "うどん"],
    "correctAnswer": 0,
    "audio": null,
    "script": "すきな たべものは なんですか。\nすしです。"
  },
  {
    "id": 45,
    "section": "listening",
    "question": "きょうは なんようびですか。",
    "choices": ["げつようび", "かようび", "すいようび", "もくようび"],
    "correctAnswer": 0,
    "audio": null,
    "script": "きょうは なんようびですか。\nげつようびです。"
  },
  {
    "id": 46,
    "section": "reading",
    "question": "【メール】\nたなかさん\n\nきょうは おつかれさまです。\nあしたの かいぎは ごご３じからです。\nばしょは ２かいの かいぎしつです。\nじかんに おくれないで ください。\n\nしつもん：かいぎは どこで ありますか。",
    "choices": ["１かい", "２かい", "３かい", "４かい"],
    "correctAnswer": 1,
    "audio": null
  },
  {
    "id": 47,
    "section": "reading",
    "question": "【メモ】\nゆうこさんへ\n\nかえりに スーパーへ いってください。\nパンと たまごと ミルクを かってきて ください。\nおかねは テーブルの うえに あります。\n\nしつもん：なにを かいますか。",
    "choices": ["パンだけ", "パンと たまご", "パンと たまごと ミルク", "ミルクだけ"],
    "correctAnswer": 2,
    "audio": null
  },
  {
    "id": 48,
    "section": "reading",
    "question": "【かんばん】\nこの たてものは びょういんです。\nトイレは １かいの みぎに あります。\nエレベーターは ひだりです。\n\nしつもん：トイレは どこですか。",
    "choices": ["１かいの ひだり", "２かいの みぎ", "１かいの みぎ", "２かいの ひだり"],
    "correctAnswer": 2,
    "audio": null
  },
  {
    "id": 49,
    "section": "reading",
    "question": "【メール】\n\nこんにちは。\nらいしゅうの にちようびは やすみです。\nともだちと えいがを みに いきます。\nじかんは ごご２じです。\n\nしつもん：いつ えいがを みに いきますか。",
    "choices": ["こんしゅうの にちようび", "らいしゅうの にちようび", "らいしゅうの げつようび", "あした"],
    "correctAnswer": 1,
    "audio": null
  },
  {
    "id": 50,
    "section": "reading",
    "question": "【メモ】\n\nれいぞうこに ケーキが あります。\nよる ８じごろ たべましょう。\nコーヒーも あります。\n\nしつもん：ケーキは どこに ありますか。",
    "choices": ["テーブルの うえ", "れいぞうこの なか", "かばんの なか", "へやの なか"],
    "correctAnswer": 1,
    "audio": null
  },
  {
    "id": 51,
    "section": "reading",
    "question": "【おしらせ】\n\nあしたは あめです。\nかさを もって きてください。\nかぜも つよいです。\n\nしつもん：あしたの てんきは どうですか。",
    "choices": ["はれ", "くもり", "あめ", "ゆき"],
    "correctAnswer": 2,
    "audio": null
  },
  {
    "id": 52,
    "section": "reading",
    "question": "【メール】\n\nきのうは ありがとうございました。\nとても たのしかったです。\nまた こんど いっしょに たべましょう。\n\nしつもん：この メールを かいた ひとは どう かんじていますか。",
    "choices": ["かなしい", "たのしい", "いそがしい", "つかれた"],
    "correctAnswer": 1,
    "audio": null
  },
  {
    "id": 53,
    "section": "reading",
    "question": "【メモ】\n\n９じに でんわが あります。\nそのあと かいぎです。\nひるごはんは １２じです。\n\nしつもん：かいぎの まえに なにが ありますか。",
    "choices": ["ひるごはん", "でんわ", "やすみ", "しごと"],
    "correctAnswer": 1,
    "audio": null
  },
  {
    "id": 54,
    "section": "reading",
    "question": "【かんばん】\n\nこの バスは えきまで いきます。\nじかんは １０ぷん かかります。\n\nしつもん：バスで どこへ いきますか。",
    "choices": ["びょういん", "がっこう", "えき", "スーパー"],
    "correctAnswer": 2,
    "audio": null
  },
  {
    "id": 55,
    "section": "reading",
    "question": "【メール】\n\nこんばん、７じに レストランで あいましょう。\nばしょは えきの まえです。\n\nしつもん：なんじに あいますか。",
    "choices": ["５じ", "６じ", "７じ", "８じ"],
    "correctAnswer": 2,
    "audio": null
  },
  {
    "id": 56,
    "section": "reading",
    "question": "【メモ】\n\nごみは あさ ８じまでに だしてください。\nもえる ごみです。\n\nしつもん：いつまでに ごみを だしますか。",
    "choices": ["あさ ７じ", "あさ ８じ", "ひる １２じ", "よる"],
    "correctAnswer": 1,
    "audio": null
  },
  {
    "id": 57,
    "section": "reading",
    "question": "【おしらせ】\n\nきょうは でんきの てんけんが あります。\nごご１じから ３じまで です。\n\nしつもん：なんじまで でんきが つかえませんか。",
    "choices": ["１じ", "２じ", "３じ", "４じ"],
    "correctAnswer": 2,
    "audio": null
  },
  {
    "id": 58,
    "section": "reading",
    "question": "【メール】\n\nあしたは しごとが ありません。\nいえで ゆっくり します。\n\nしつもん：あした なにを しますか。",
    "choices": ["はたらきます", "でかけます", "いえで すごします", "りょこうします"],
    "correctAnswer": 2,
    "audio": null
  },
  {
    "id": 59,
    "section": "reading",
    "question": "【メモ】\n\nともだちの たんじょうびです。\nケーキを かいます。\n\nしつもん：なにを かいますか。",
    "choices": ["プレゼント", "ケーキ", "はな", "のみもの"],
    "correctAnswer": 1,
    "audio": null
  },
  {
    "id": 60,
    "section": "reading",
    "question": "【かんばん】\n\nこの みせは ごぜん１０じから\nごご８じまで です。\n\nしつもん：なんじまで あいていますか。",
    "choices": ["６じ", "７じ", "８じ", "９じ"],
    "correctAnswer": 2,
    "audio": null
  }
]
