[
  {
    "id": 1,
    "section": "vocabulary",
    "question": "「手続き」の いみは どれですか。",
    "choices": ["しごとの じゅんび", "きまった ほうほうで する こと", "はやく する こと", "やすむ こと"],
    "correctAnswer": 1,
    "audio": null
  },
  {
    "id": 2,
    "section": "vocabulary",
    "question": "この もうしこみには、いくつかの てつづきが（　　　）です。",
    "choices": ["ひま", "ふよう", "ひつよう", "かんたん"],
    "correctAnswer": 2,
    "audio": null
  },
  {
    "id": 3,
    "section": "vocabulary",
    "question": "「変更点」の いみは どれですか。",
    "choices": ["かわった ところ", "かわらない ところ", "もとの けいかく", "べつの ばしょ"],
    "correctAnswer": 0,
    "audio": null
  },
  {
    "id": 4,
    "section": "vocabulary",
    "question": "よていの へんこうてんを（　　　）してください。",
    "choices": ["かくにん", "かくにんを", "かくにんに", "かくにんで"],
    "correctAnswer": 1,
    "audio": null
  },
  {
    "id": 5,
    "section": "vocabulary",
    "question": "「対応方法」の いみは どれですか。",
    "choices": ["にげかた", "こたえかた", "あいてに あわせた しかた", "じゅんび"],
    "correctAnswer": 2,
    "audio": null
  },
  {
    "id": 6,
    "section": "vocabulary",
    "question": "もんだいが おきた ときの たいおうほうほうを（　　　）います。",
    "choices": ["きめて", "きめる", "きめて", "きめて"],
    "correctAnswer": 0,
    "audio": null
  },
  {
    "id": 7,
    "section": "vocabulary",
    "question": "「連絡事項」の いみは どれですか。",
    "choices": ["はなす ないよう", "しらせる こと", "わすれる こと", "けいかく"],
    "correctAnswer": 1,
    "audio": null
  },
  {
    "id": 8,
    "section": "vocabulary",
    "question": "かいぎの まえに、れんらくじこうを（　　　）しました。",
    "choices": ["せつめい", "せつめいを", "せつめいに", "せつめいで"],
    "correctAnswer": 1,
    "audio": null
  },
  {
    "id": 9,
    "section": "vocabulary",
    "question": "「状況」の いみは どれですか。",
    "choices": ["ばしょ", "ようす", "じかん", "りゆう"],
    "correctAnswer": 1,
    "audio": null
  },
  {
    "id": 10,
    "section": "vocabulary",
    "question": "げんざいの じょうきょうを よく（　　　）してください。",
    "choices": ["りかい", "りかいを", "りかいに", "りかいで"],
    "correctAnswer": 1,
    "audio": null
  },

  {
    "id": 11,
    "section": "vocabulary",
    "question": "「影響」の いみは どれですか。",
    "choices": ["かんけい", "えいきょう", "けっか", "ちがい"],
    "correctAnswer": 2,
    "audio": null
  },
  {
    "id": 12,
    "section": "vocabulary",
    "question": "この へんこうは しごとに おおきな（　　　）があります。",
    "choices": ["けいかく", "えいきょう", "りゆう", "けっか"],
    "correctAnswer": 1,
    "audio": null
  },
  {
    "id": 13,
    "section": "vocabulary",
    "question": "「案内文」の いみは どれですか。",
    "choices": ["せつめいの ぶん", "しつもんの ぶん", "けいやくの ぶん", "きろく"],
    "correctAnswer": 0,
    "audio": null
  },
  {
    "id": 14,
    "section": "vocabulary",
    "question": "イベントの あんないぶんを（　　　）しました。",
    "choices": ["さくせい", "さくせいを", "さくせいに", "さくせいで"],
    "correctAnswer": 1,
    "audio": null
  },
  {
    "id": 15,
    "section": "vocabulary",
    "question": "「調整する」の いみは どれですか。",
    "choices": ["そのままに する", "ちょうど よく する", "やめる", "かえる"],
    "correctAnswer": 1,
    "audio": null
  },

  {
    "id": 16,
    "section": "conversation",
    "question": "A: スケジュールを すこし ちょうせい したいのですが。\nB: （＿＿＿＿）。",
    "choices": ["わかりました。かくにん します", "わかりました。ちょうせいです", "わかりました。ちょうせいでした", "わかりました。ちょうせいしますか"],
    "correctAnswer": 0,
    "audio": null
  },
  {
    "id": 17,
    "section": "conversation",
    "question": "A: この へんこうは しごとに えいきょうが ありますか。\nB: （＿＿＿＿）。",
    "choices": ["はい、すこし あります", "はい、ありました", "はい、ありますか", "はい、あり"],
    "correctAnswer": 0,
    "audio": null
  },
  {
    "id": 18,
    "section": "conversation",
    "question": "A: じょうきょうを もう すこし せつめい して ください。\nB: （＿＿＿＿）。",
    "choices": ["はい、せつめい します", "はい、せつめいでした", "はい、せつめいです", "はい、せつめいに"],
    "correctAnswer": 0,
    "audio": null
  },
  {
    "id": 19,
    "section": "conversation",
    "question": "A: この あんないぶんで だいじょうぶですか。\nB: （＿＿＿＿）。",
    "choices": ["はい、わかりやすい と おもいます", "はい、わかりやすいですか", "はい、わかりやすかったですか", "はい、わかりやすく"],
    "correctAnswer": 0,
    "audio": null
  },
  {
    "id": 20,
    "section": "conversation",
    "question": "A: なにか もんだいが あった ばあい、どう しますか。\nB: （＿＿＿＿）。",
    "choices": ["すぐ たいおう します", "すぐ たいおうでした", "すぐ たいおうです", "すぐ たいおうしますか"],
    "correctAnswer": 0,
    "audio": null
  },

  {
    "id": 31,
    "section": "listening",
    "question": "おとこのひとは なぜ かいぎの じかんを へんこう したいですか。",
    "choices": ["さんかしゃが すくないから", "じゅんびに じかんが ひつようだから", "ばしょが つかえないから", "てんきが わるいから"],
    "correctAnswer": 1,
    "audio": null,
    "script": "おとこのひと： すみません、かいぎの じかんを すこし へんこう したいです。\nおんなのひと： なぜですか。\nおとこのひと： じゅんびが おもったより かかって いて、もう すこし じかんが ひつよう なんです。"
  },
  {
    "id": 32,
    "section": "listening",
    "question": "ふたりは このあと なにを しますか。",
    "choices": ["すぐ かいぎを はじめます", "へんこうないようを みんなに つたえます", "かいぎを やめます", "ばしょを かえます"],
    "correctAnswer": 1,
    "audio": null,
    "script": "おんなのひと： では、その へんこうを みんなに つたえますね。\nおとこのひと： はい、おねがいします。"
  },
  {
    "id": 33,
    "section": "listening",
    "question": "おんなのひとは なにを しんぱい していますか。",
    "choices": ["じかん", "さんかしゃの りかい", "ばしょ", "てんき"],
    "correctAnswer": 1,
    "audio": null,
    "script": "おんなのひと： へんこうの りゆうを、きちんと せつめい した ほうが いいですね。\nおとこのひと： そうですね。"
  },

  {
    "id": 46,
    "section": "reading",
    "question": "【メール】\n\nみなさま\n\nあしたの かいぎは、じゅんびの じょうきょうに より、\nはじまりの じかんを ３０ぷん おくらせます。\nくわしい ないようは、かいぎの まえに せつめい します。\n\nしつもん：あしたの かいぎは どう なりますか。",
    "choices": ["じかんが はやく なります", "じかんが かわりません", "じかんが おそく なります", "ちゅうしに なります"],
    "correctAnswer": 2,
    "audio": null
  },
  {
    "id": 47,
    "section": "reading",
    "question": "【おしらせ】\n\nこの たび、システムの へんこうに ともない、\nいちぶの サービスが いちじてきに りよう できなく なります。\nりよう さいかいの じかんは、あらためて れんらく します。\n\nしつもん：いま わかって いる ことは どれですか。",
    "choices": ["サービスは ずっと つかえません", "サービスは へんこう されません", "いちぶの サービスが つかえません", "りよう じかんが きまっています"],
    "correctAnswer": 2,
    "audio": null
  },
  {
    "id": 48,
    "section": "reading",
    "question": "【メモ】\n\nきょうは じょうきょうを かくにんし、\nもんだいが あれば すぐ たいおうする こと。\n\nしつもん：なにを する よていですか。",
    "choices": ["もんだいを ほうこく する", "じょうきょうを みて たいおう する", "しごとを やめる", "かいぎを する"],
    "correctAnswer": 1,
    "audio": null
  },
  {
    "id": 49,
    "section": "reading",
    "question": "【案内】\n\nイベントは ごご２じから はじまります。\nうけつけは ごご１じ３０ぷんから です。\nじかんに よゆうを もって きて ください。\n\nしつもん：いつから うけつけ できますか。",
    "choices": ["ごご１じ", "ごご１じ３０ぷん", "ごご２じ", "ごご２じ３０ぷん"],
    "correctAnswer": 1,
    "audio": null
  },
  {
    "id": 50,
    "section": "reading",
    "question": "【メール】\n\nこの しごとは、いくつかの てじゅんを まもる ひつようが あります。\nじゅんばんを まちがえない よう、ちゅうい して ください。\n\nしつもん：なにに ちゅうい しますか。",
    "choices": ["じかん", "てじゅんの じゅんばん", "ばしょ", "ひと"],
    "correctAnswer": 1,
    "audio": null
  },
  {
    "id": 51,
    "section": "reading",
    "question": "【メール】\n\nたなかさん\n\nきのうは かいぎに さんか して いただき、ありがとうございました。\nごいけんを もとに、しりょうの ないようを いちぶ へんこう しました。\nあたらしい しりょうは、あした ていしゅつ する よていです。\n\nしつもん：この メールの もくてきは なんですか。",
    "choices": ["かいぎを えんき する ため", "へんこうした ことを しらせる ため", "しりょうを なくした ため", "いけんを もとめる ため"],
    "correctAnswer": 1,
    "audio": null
  },
  {
    "id": 52,
    "section": "reading",
    "question": "【おしらせ】\n\nビルの てんけんの ため、\nあしたは ごぜん９じから ごご４じまで\nいちぶの へやが りよう できません。\nごふべんを おかけしますが、\nごりかいを おねがいします。\n\nしつもん：なにが できませんか。",
    "choices": ["ビルに はいる こと", "いちぶの へやを つかう こと", "かいぎを する こと", "でんきを つかう こと"],
    "correctAnswer": 1,
    "audio": null
  },
  {
    "id": 53,
    "section": "reading",
    "question": "【メモ】\n\n・しりょうを さいしゅう かくにん\n・へんこうてんを まとめる\n・かいぎの まえに れんらく\n\nしつもん：かいぎの まえに なにを しますか。",
    "choices": ["しりょうを つくりなおす", "へんこうてんを けす", "れんらくを する", "かいぎを はじめる"],
    "correctAnswer": 2,
    "audio": null
  },
  {
    "id": 54,
    "section": "reading",
    "question": "【案内】\n\nこの イベントは よやくせいです。\nさんかを きぼう する ばあいは、\nらいしゅうの きんようびまでに\nメールで れんらく してください。\n\nしつもん：いつまでに れんらく しますか。",
    "choices": ["こんしゅうの きんようび", "らいしゅうの きんようび", "イベントの ひ", "きょうじゅう"],
    "correctAnswer": 1,
    "audio": null
  },
  {
    "id": 55,
    "section": "reading",
    "question": "【メール】\n\nしごとの じょうきょうを かくにん しました。\nいまの ところ、\nよていどおり すすんで います。\nもんだいが あれば、すぐ れんらく します。\n\nしつもん：いまの しごとの ようすは どうですか。",
    "choices": ["もんだいが あります", "よていより おくれて います", "よていどおり です", "ちゅうしに なりました"],
    "correctAnswer": 2,
    "audio": null
  },
  {
    "id": 56,
    "section": "reading",
    "question": "【おしらせ】\n\nあしたは あめの よほうです。\nこうつう じじょうに より、\nとうちゃくが おくれる ばあいが あります。\nじかんに よゆうを もって こうどう してください。\n\nしつもん：なにに ちゅうい しますか。",
    "choices": ["てんき", "こうつうの おくれ", "ばしょ", "しごとの ないよう"],
    "correctAnswer": 1,
    "audio": null
  },
  {
    "id": 57,
    "section": "reading",
    "question": "【メモ】\n\n・きゃくさま からの といあわせ あり\n・たいおう ほうほうを かくにん\n・あとで でんわ\n\nしつもん：この あと なにを しますか。",
    "choices": ["メールを かく", "すぐ いえに かえる", "たいおうを きめる", "あとで でんわを する"],
    "correctAnswer": 3,
    "audio": null
  },
  {
    "id": 58,
    "section": "reading",
    "question": "【案内】\n\nこの さぎょうは きけんを ともなう ばあいが あります。\nかならず しじに したがって こうどう してください。\n\nしつもん：どう こうどう しますか。",
    "choices": ["じぶんで きめる", "すきな ように する", "しじに したがう", "はやく おわらせる"],
    "correctAnswer": 2,
    "audio": null
  },
  {
    "id": 59,
    "section": "reading",
    "question": "【メール】\n\nらいしゅうの よていを かくにん しました。\nいちぶ へんこうが ありますので、\nくわしくは てんぷ しりょうを\nかならず みて ください。\n\nしつもん：なにを する ひつようが ありますか。",
    "choices": ["でんわを する", "しりょうを みる", "よていを けす", "かいぎに さんか する"],
    "correctAnswer": 1,
    "audio": null
  },
  {
    "id": 60,
    "section": "reading",
    "question": "【おしらせ】\n\nこの たびの へんこうに より、\nいちぶの さぎょう じかんが みじかく なります。\nくわしい じかんは、\nべっしの あんないを かくにん してください。\n\nしつもん：なにが かわりましたか。",
    "choices": ["ばしょ", "ひと", "さぎょう じかん", "ないよう"],
    "correctAnswer": 2,
    "audio": null
  }
]
