[
  {
    "id": 1,
    "section": "vocabulary",
    "question": "「会社」の いみは どれですか。",
    "choices": ["べんきょうする ばしょ", "はたらく ばしょ", "たべる ばしょ", "ねる ばしょ"],
    "correctAnswer": 1,
    "audio": null
  },
  {
    "id": 2,
    "section": "vocabulary",
    "question": "きのうは とても（　　　）でした。ゆきが ふりました。",
    "choices": ["あつい", "すずしい", "さむい", "あたたかい"],
    "correctAnswer": 2,
    "audio": null
  },
  {
    "id": 3,
    "section": "vocabulary",
    "question": "この かんじの よみかたは どれですか。\n\n「山」",
    "choices": ["かわ", "やま", "うみ", "そら"],
    "correctAnswer": 1,
    "audio": null
  },
  {
    "id": 4,
    "section": "vocabulary",
    "question": "まいばん １２じに（　　　）。",
    "choices": ["おきます", "たべます", "ねます", "いきます"],
    "correctAnswer": 2,
    "audio": null
  },
  {
    "id": 5,
    "section": "vocabulary",
    "question": "くつは どこですか。ドアの（　　　）です。",
    "choices": ["そと", "なか", "うえ", "した"],
    "correctAnswer": 0,
    "audio": null
  },
  {
    "id": 6,
    "section": "vocabulary",
    "question": "「多い」の いみは どれですか。",
    "choices": ["すくない", "おおい", "ながい", "みじかい"],
    "correctAnswer": 1,
    "audio": null
  },
  {
    "id": 7,
    "section": "vocabulary",
    "question": "えいがを（　　　）。",
    "choices": ["ききます", "よみます", "みます", "かきます"],
    "correctAnswer": 2,
    "audio": null
  },
  {
    "id": 8,
    "section": "vocabulary",
    "question": "コンビニで ジュースを（　　　）。",
    "choices": ["のみます", "かいます", "つくります", "もらいます"],
    "correctAnswer": 1,
    "audio": null
  },
  {
    "id": 9,
    "section": "vocabulary",
    "question": "この かんじの よみかたは どれですか。\n\n「木」",
    "choices": ["はな", "くさ", "き", "やま"],
    "correctAnswer": 2,
    "audio": null
  },
  {
    "id": 10,
    "section": "vocabulary",
    "question": "この スープは（　　　）です。しおが たくさん あります。",
    "choices": ["あまい", "すっぱい", "からい", "しょっぱい"],
    "correctAnswer": 3,
    "audio": null
  },
  {
    "id": 11,
    "section": "vocabulary",
    "question": "「父」は だれですか。",
    "choices": ["おとうさん", "おかあさん", "あに", "おじ"],
    "correctAnswer": 0,
    "audio": null
  },
  {
    "id": 12,
    "section": "vocabulary",
    "question": "しごとの あとで うちに（　　　）。",
    "choices": ["いきます", "きます", "かえります", "でます"],
    "correctAnswer": 2,
    "audio": null
  },
  {
    "id": 13,
    "section": "vocabulary",
    "question": "「銀行」は なにを する ばしょですか。",
    "choices": ["おかねを あずけます", "べんきょうします", "たべます", "はたらきます"],
    "correctAnswer": 0,
    "audio": null
  },
  {
    "id": 14,
    "section": "vocabulary",
    "question": "この へやは（　　　）です。ひとが たくさん います。",
    "choices": ["せまい", "ひろい", "くらい", "あかるい"],
    "correctAnswer": 0,
    "audio": null
  },
  {
    "id": 15,
    "section": "vocabulary",
    "question": "この かんじの よみかたは どれですか。\n\n「金」",
    "choices": ["き", "かね", "みず", "つち"],
    "correctAnswer": 1,
    "audio": null
  },

  {
    "id": 16,
    "section": "conversation",
    "question": "A: きょうは いそがしいですか。\nB: （＿＿＿＿）。",
    "choices": ["はい、いそがしいです", "はい、あります", "いいえ、でした", "いきます"],
    "correctAnswer": 0,
    "audio": null
  },
  {
    "id": 17,
    "section": "conversation",
    "question": "A: これ、たべても いいですか。\nB: （＿＿＿＿）。",
    "choices": ["はい、どうぞ", "はい、です", "たべます", "ありがとう"],
    "correctAnswer": 0,
    "audio": null
  },
  {
    "id": 18,
    "section": "conversation",
    "question": "A: しごとは なんじまでですか。\nB: （＿＿＿＿）。",
    "choices": ["５じまでです", "５じです", "５じからです", "５じでした"],
    "correctAnswer": 0,
    "audio": null
  },
  {
    "id": 19,
    "section": "conversation",
    "question": "A: きのう テレビを みましたか。\nB: いいえ、（＿＿＿＿）。",
    "choices": ["みません", "みませんでした", "みないです", "みていませんか"],
    "correctAnswer": 1,
    "audio": null
  },
  {
    "id": 20,
    "section": "conversation",
    "question": "A: すみません、えきを おしえてください。\nB: （＿＿＿＿）。",
    "choices": ["あそこです", "いきます", "えきです", "あります"],
    "correctAnswer": 0,
    "audio": null
  },
  {
    "id": 21,
    "section": "conversation",
    "question": "A: いっしょに ひるごはんを たべませんか。\nB: （＿＿＿＿）。",
    "choices": ["いいですね", "たべます", "あります", "だめでした"],
    "correctAnswer": 0,
    "audio": null
  },
  {
    "id": 22,
    "section": "conversation",
    "question": "A: だいじょうぶですか。\nB: （＿＿＿＿）。",
    "choices": ["はい、だいじょうぶです", "はい、あります", "いいえ、です", "わかります"],
    "correctAnswer": 0,
    "audio": null
  },
  {
    "id": 23,
    "section": "conversation",
    "question": "A: にほんごが じょうずですね。\nB: （＿＿＿＿）。",
    "choices": ["ありがとうございます", "すみません", "こんにちは", "いいえです"],
    "correctAnswer": 0,
    "audio": null
  },
  {
    "id": 24,
    "section": "conversation",
    "question": "A: どこで はたらいていますか。\nB: （＿＿＿＿）。",
    "choices": ["かいしゃで はたらいています", "にほんです", "２５さいです", "がくせいです"],
    "correctAnswer": 0,
    "audio": null
  },
  {
    "id": 25,
    "section": "conversation",
    "question": "A: あした やすみですか。\nB: （＿＿＿＿）。",
    "choices": ["はい、やすみです", "はい、やすみます", "いいえ、やすみ", "やすみでした"],
    "correctAnswer": 0,
    "audio": null
  },
  {
    "id": 26,
    "section": "conversation",
    "question": "A: これ、だれの ですか。\nB: （＿＿＿＿）。",
    "choices": ["わたしのです", "わたしです", "あります", "でした"],
    "correctAnswer": 0,
    "audio": null
  },
  {
    "id": 27,
    "section": "conversation",
    "question": "A: もう かえりますか。\nB: （＿＿＿＿）。",
    "choices": ["はい、かえります", "はい、かえり", "かえりました", "かえりませんでした"],
    "correctAnswer": 0,
    "audio": null
  },
  {
    "id": 28,
    "section": "conversation",
    "question": "A: どうぞ すわってください。\nB: （＿＿＿＿）。",
    "choices": ["ありがとうございます", "すわります", "どうぞ", "いきます"],
    "correctAnswer": 0,
    "audio": null
  },
  {
    "id": 29,
    "section": "conversation",
    "question": "A: しゅうまつは なにを しますか。\nB: （＿＿＿＿）。",
    "choices": ["ともだちと あそびます", "しゅうまつです", "あそびました", "いそがしいです"],
    "correctAnswer": 0,
    "audio": null
  },
  {
    "id": 30,
    "section": "conversation",
    "question": "A: おさきに しつれいします。\nB: （＿＿＿＿）。",
    "choices": ["おつかれさまでした", "ありがとうございます", "すみません", "こんにちは"],
    "correctAnswer": 0,
    "audio": null
  },

  {
    "id": 31,
    "section": "listening",
    "question": "おんなのひとは なにで えきへ いきますか。",
    "choices": ["バス", "でんしゃ", "じてんしゃ", "あるいて"],
    "correctAnswer": 1,
    "audio": null,
    "script": "おとこのひと： えきまで どうやって いきますか。\nおんなのひと： でんしゃで いきます。"
  },
  {
    "id": 32,
    "section": "listening",
    "question": "ふたりは いつ あいますか。",
    "choices": ["きょう", "あした", "あさって", "らいしゅう"],
    "correctAnswer": 1,
    "audio": null,
    "script": "あした あいましょう。"
  },
  {
    "id": 33,
    "section": "listening",
    "question": "おとこのひとは なにを たべますか。",
    "choices": ["パン", "カレー", "ラーメン", "すし"],
    "correctAnswer": 2,
    "audio": null,
    "script": "ひるごはんは ラーメンを たべます。"
  },
  {
    "id": 34,
    "section": "listening",
    "question": "きょうの てんきは どうですか。",
    "choices": ["はれ", "くもり", "あめ", "ゆき"],
    "correctAnswer": 1,
    "audio": null,
    "script": "きょうは くもりです。"
  },
  {
    "id": 35,
    "section": "listening",
    "question": "おんなのひとは なんじに ねますか。",
    "choices": ["１０じ", "１１じ", "１２じ", "１じ"],
    "correctAnswer": 2,
    "audio": null,
    "script": "まいばん １２じに ねます。"
  },
  {
    "id": 36,
    "section": "listening",
    "question": "これは いくらですか。",
    "choices": ["１００えん", "２００えん", "３００えん", "５００えん"],
    "correctAnswer": 3,
    "audio": null,
    "script": "５００えんです。"
  },
  {
    "id": 37,
    "section": "listening",
    "question": "おとこのひとは なにを かいますか。",
    "choices": ["くつ", "かばん", "シャツ", "ぼうし"],
    "correctAnswer": 1,
    "audio": null,
    "script": "かばんを かいます。"
  },
  {
    "id": 38,
    "section": "listening",
    "question": "トイレは どこですか。",
    "choices": ["みぎ", "ひだり", "２かい", "１かい"],
    "correctAnswer": 2,
    "audio": null,
    "script": "トイレは ２かいです。"
  },
  {
    "id": 39,
    "section": "listening",
    "question": "あした なにを しますか。",
    "choices": ["べんきょうします", "しごとします", "やすみます", "りょこうします"],
    "correctAnswer": 0,
    "audio": null,
    "script": "あしたは べんきょうします。"
  },
  {
    "id": 40,
    "section": "listening",
    "question": "きょうは なんようびですか。",
    "choices": ["げつようび", "かようび", "すいようび", "もくようび"],
    "correctAnswer": 3,
    "audio": null,
    "script": "きょうは もくようびです。"
  },
  {
    "id": 41,
    "section": "listening",
    "question": "どこで ひるごはんを たべますか。",
    "choices": ["いえ", "レストラン", "がっこう", "こうえん"],
    "correctAnswer": 1,
    "audio": null,
    "script": "レストランで たべます。"
  },
  {
    "id": 42,
    "section": "listening",
    "question": "なんじに しごとが おわりますか。",
    "choices": ["４じ", "５じ", "６じ", "７じ"],
    "correctAnswer": 2,
    "audio": null,
    "script": "６じに おわります。"
  },
  {
    "id": 43,
    "section": "listening",
    "question": "だれと えいがを みに いきますか。",
    "choices": ["ともだち", "かぞく", "せんせい", "ひとり"],
    "correctAnswer": 0,
    "audio": null,
    "script": "ともだちと いきます。"
  },
  {
    "id": 44,
    "section": "listening",
    "question": "なにを のみますか。",
    "choices": ["みず", "おちゃ", "ジュース", "コーヒー"],
    "correctAnswer": 3,
    "audio": null,
    "script": "コーヒーを のみます。"
  },
  {
    "id": 45,
    "section": "listening",
    "question": "どの でんしゃに のりますか。",
    "choices": ["あお", "あか", "きいろ", "みどり"],
    "correctAnswer": 1,
    "audio": null,
    "script": "あかい でんしゃに のります。"
  },


  {
    "id": 46,
    "section": "reading",
    "question": "【メール】\nあしたは ごご３じから かいぎです。\n２かいの へやに きてください。\n\nしつもん：かいぎは どこで ありますか。",
    "choices": ["１かい", "２かい", "３かい", "４かい"],
    "correctAnswer": 1,
    "audio": null
  },
  {
    "id": 47,
    "section": "reading",
    "question": "【メモ】\nスーパーで パンと たまごを かってください。\n\nしつもん：なにを かいますか。",
    "choices": ["パンだけ", "たまごだけ", "パンと たまご", "なにも かいません"],
    "correctAnswer": 2,
    "audio": null
  },
  {
    "id": 48,
    "section": "reading",
    "question": "【かんばん】\nトイレは ひだりです。\n\nしつもん：トイレは どこですか。",
    "choices": ["みぎ", "ひだり", "２かい", "そと"],
    "correctAnswer": 1,
    "audio": null
  },
  {
    "id": 49,
    "section": "reading",
    "question": "【メール】\nらいしゅうの にちようびは やすみです。\n\nしつもん：いつ やすみですか。",
    "choices": ["こんしゅう", "きょう", "あした", "らいしゅう"],
    "correctAnswer": 3,
    "audio": null
  },
  {
    "id": 50,
    "section": "reading",
    "question": "【メモ】\nれいぞうこに ケーキが あります。\nよる たべましょう。\n\nしつもん：ケーキは どこですか。",
    "choices": ["つくえの うえ", "れいぞうこの なか", "へやの なか", "かばんの なか"],
    "correctAnswer": 1,
    "audio": null
  },
  {
    "id": 51,
    "section": "reading",
    "question": "【おしらせ】\nきょうは あめです。\nかさを もって ください。\n\nしつもん：なにを もって いきますか。",
    "choices": ["ぼうし", "かさ", "コート", "かばん"],
    "correctAnswer": 1,
    "audio": null
  },
  {
    "id": 52,
    "section": "reading",
    "question": "【メール】\nきのうは ありがとう ございました。\nとても たのしかったです。\n\nしつもん：この ひとは どう かんじていますか。",
    "choices": ["かなしい", "たのしい", "いそがしい", "こわい"],
    "correctAnswer": 1,
    "audio": null
  },
  {
    "id": 53,
    "section": "reading",
    "question": "【メモ】\n１０じに でんわが あります。\nそのあと かいぎです。\n\nしつもん：でんわは なんじですか。",
    "choices": ["９じ", "１０じ", "１１じ", "１２じ"],
    "correctAnswer": 1,
    "audio": null
  },
  {
    "id": 54,
    "section": "reading",
    "question": "【かんばん】\nこの バスは えきまで いきます。\n１５ぷん かかります。\n\nしつもん：どこへ いきますか。",
    "choices": ["がっこう", "びょういん", "えき", "スーパー"],
    "correctAnswer": 2,
    "audio": null
  },
  {
    "id": 55,
    "section": "reading",
    "question": "【メール】\n６じに レストランで あいましょう。\nえきの まえです。\n\nしつもん：どこで あいますか。",
    "choices": ["いえ", "レストラン", "えきの まえ", "こうえん"],
    "correctAnswer": 2,
    "audio": null
  },
  {
    "id": 56,
    "section": "reading",
    "question": "【メモ】\nごみは あさ７じまでに だしてください。\n\nしつもん：いつまでに だしますか。",
    "choices": ["６じ", "７じ", "８じ", "ひる"],
    "correctAnswer": 1,
    "audio": null
  },
  {
    "id": 57,
    "section": "reading",
    "question": "【おしらせ】\nでんきは ごご２じから ４じまで つかえません。\n\nしつもん：なんじまで ですか。",
    "choices": ["２じ", "３じ", "４じ", "５じ"],
    "correctAnswer": 2,
    "audio": null
  },
  {
    "id": 58,
    "section": "reading",
    "question": "【メール】\nあしたは いえで えいがを みます。\n\nしつもん：あした なにを しますか。",
    "choices": ["でかけます", "えいがを みます", "はたらきます", "りょこうします"],
    "correctAnswer": 1,
    "audio": null
  },
  {
    "id": 59,
    "section": "reading",
    "question": "【メモ】\nともだちに プレゼントを かいます。\n\nしつもん：なにを かいますか。",
    "choices": ["ケーキ", "はな", "プレゼント", "のみもの"],
    "correctAnswer": 2,
    "audio": null
  },
  {
    "id": 60,
    "section": "reading",
    "question": "【かんばん】\nこの みせは ごぜん９じから ごご７じまでです。\n\nしつもん：なんじから あいていますか。",
    "choices": ["７じ", "８じ", "９じ", "１０じ"],
    "correctAnswer": 2,
    "audio": null
  }
]
