[
  {
    "id": 1,
    "section": "vocabulary",
    "question": "「提出する」の いみは どれですか。",
    "choices": ["あとで だす", "だれかに わたす", "しりょうを だす", "なくす"],
    "correctAnswer": 2,
    "audio": null
  },
  {
    "id": 2,
    "section": "vocabulary",
    "question": "この しごとは じかんが かかりますが、とても（　　　）です。",
    "choices": ["ひつよう", "じゅうよう", "ひま", "かんたん"],
    "correctAnswer": 1,
    "audio": null
  },
  {
    "id": 3,
    "section": "vocabulary",
    "question": "「間に合う」の いみは どれですか。",
    "choices": ["おそく なる", "じかんに あう", "やすむ", "まつ"],
    "correctAnswer": 1,
    "audio": null
  },
  {
    "id": 4,
    "section": "vocabulary",
    "question": "でんしゃが おくれたので、かいぎに（　　　）でした。",
    "choices": ["まにあう", "まにあいました", "まにあいそう", "まにあいません"],
    "correctAnswer": 3,
    "audio": null
  },
  {
    "id": 5,
    "section": "vocabulary",
    "question": "「担当」の いみは どれですか。",
    "choices": ["やすみ", "その しごとを する ひと", "しごとの ばしょ", "じかん"],
    "correctAnswer": 1,
    "audio": null
  },
  {
    "id": 6,
    "section": "vocabulary",
    "question": "この しごとは わたしが（　　　）します。",
    "choices": ["たんとう", "たんとうで", "たんとうを", "たんとうに"],
    "correctAnswer": 0,
    "audio": null
  },
  {
    "id": 7,
    "section": "vocabulary",
    "question": "「急ぐ」の いみは どれですか。",
    "choices": ["ゆっくり する", "はやく する", "やすむ", "とまる"],
    "correctAnswer": 1,
    "audio": null
  },
  {
    "id": 8,
    "section": "vocabulary",
    "question": "じかんが ないので、はやく（　　　）ください。",
    "choices": ["します", "して", "した", "する"],
    "correctAnswer": 1,
    "audio": null
  },
  {
    "id": 9,
    "section": "vocabulary",
    "question": "「理由」の いみは どれですか。",
    "choices": ["けっか", "もくてき", "わけ", "よてい"],
    "correctAnswer": 2,
    "audio": null
  },
  {
    "id": 10,
    "section": "vocabulary",
    "question": "かいぎを やすんだ（　　　）を せつめい しました。",
    "choices": ["けっか", "りゆう", "よてい", "ばしょ"],
    "correctAnswer": 1,
    "audio": null
  },

  {
    "id": 11,
    "section": "vocabulary",
    "question": "「対応する」の いみは どれですか。",
    "choices": ["にげる", "あいてに あわせて こうどうする", "わすれる", "まつ"],
    "correctAnswer": 1,
    "audio": null
  },
  {
    "id": 12,
    "section": "vocabulary",
    "question": "この もんだいは すぐに（　　　）する ひつようが あります。",
    "choices": ["たいおう", "たいおうを", "たいおうに", "たいおうで"],
    "correctAnswer": 0,
    "audio": null
  },
  {
    "id": 13,
    "section": "vocabulary",
    "question": "「改善」の いみは どれですか。",
    "choices": ["わるく する", "よく する", "やめる", "かえる"],
    "correctAnswer": 1,
    "audio": null
  },
  {
    "id": 14,
    "section": "vocabulary",
    "question": "この てんを（　　　）すれば、もっと よく なります。",
    "choices": ["かいぜん", "かいぜんに", "かいぜんを", "かいぜんで"],
    "correctAnswer": 2,
    "audio": null
  },
  {
    "id": 15,
    "section": "vocabulary",
    "question": "「連絡先」の いみは どれですか。",
    "choices": ["でんわや メールの じょうほう", "かいしゃの なまえ", "ばしょ", "じかん"],
    "correctAnswer": 0,
    "audio": null
  },

  {
    "id": 16,
    "section": "conversation",
    "question": "A: この しりょう、いつまでに ていしゅつ すれば いいですか。\nB: （＿＿＿＿）。",
    "choices": ["きんようびまでです", "きんようびですか", "きんようびでした", "きんようびになりますか"],
    "correctAnswer": 0,
    "audio": null
  },
  {
    "id": 17,
    "section": "conversation",
    "question": "A: でんしゃが おくれて いますね。\nB: （＿＿＿＿）。",
    "choices": ["そうですね。まにあうと いいですね", "そうですね。おくれました", "そうですね。でんしゃです", "そうですね。のります"],
    "correctAnswer": 0,
    "audio": null
  },
  {
    "id": 18,
    "section": "conversation",
    "question": "A: すみません、この けんを たんとう して もらえますか。\nB: （＿＿＿＿）。",
    "choices": ["はい、わかりました", "はい、たんとうです", "はい、たんとうでした", "はい、たんとうしますか"],
    "correctAnswer": 0,
    "audio": null
  },
  {
    "id": 19,
    "section": "conversation",
    "question": "A: じかんが ないので、さきに しょり して ください。\nB: （＿＿＿＿）。",
    "choices": ["はい、さきに します", "はい、さきでした", "はい、さきです", "はい、さきます"],
    "correctAnswer": 0,
    "audio": null
  },
  {
    "id": 20,
    "section": "conversation",
    "question": "A: きょうは すこし たいちょうが わるいです。\nB: （＿＿＿＿）。",
    "choices": ["むりを しないで ください", "だいじょうぶです", "わかりましたか", "たいちょうです"],
    "correctAnswer": 0,
    "audio": null
  },

  {
    "id": 21,
    "section": "conversation",
    "question": "A: この もんだいは どう かいけつ しますか。\nB: （＿＿＿＿）。",
    "choices": ["みんなで そうだん しましょう", "みんなで そうだんでした", "みんなで そうだんです", "みんなで そうだんしますか"],
    "correctAnswer": 0,
    "audio": null
  },
  {
    "id": 22,
    "section": "conversation",
    "question": "A: しめきりに まにあいそうですか。\nB: （＿＿＿＿）。",
    "choices": ["はい、なんとか まにあいそうです", "はい、まにあいました", "はい、まにあいますか", "はい、まにあいでした"],
    "correctAnswer": 0,
    "audio": null
  },
  {
    "id": 23,
    "section": "conversation",
    "question": "A: へんこうが あったら、すぐ れんらく してください。\nB: （＿＿＿＿）。",
    "choices": ["わかりました", "わかります", "わかりましたか", "わかる"],
    "correctAnswer": 0,
    "audio": null
  },
  {
    "id": 24,
    "section": "conversation",
    "question": "A: この あと すこし じかんが ありますか。\nB: （＿＿＿＿）。",
    "choices": ["はい、３０ぷん ほど あります", "はい、３０ぷんでした", "はい、３０ぷんですか", "はい、３０ぷんでしたか"],
    "correctAnswer": 0,
    "audio": null
  },
  {
    "id": 25,
    "section": "conversation",
    "question": "A: すこし きゅうけい しませんか。\nB: （＿＿＿＿）。",
    "choices": ["そうですね。そうしましょう", "そうですね。します", "そうですね。でした", "そうですね。して"],
    "correctAnswer": 0,
    "audio": null
  },

  {
    "id": 26,
    "section": "conversation",
    "question": "A: この しごとは ひとりで できますか。\nB: （＿＿＿＿）。",
    "choices": ["いいえ、チームで する ひつようが あります", "いいえ、します", "いいえ、できました", "いいえ、できますか"],
    "correctAnswer": 0,
    "audio": null
  },
  {
    "id": 27,
    "section": "conversation",
    "question": "A: じかんが せまって いるので、いそぎましょう。\nB: （＿＿＿＿）。",
    "choices": ["はい、いそぎましょう", "はい、いそぎました", "はい、いそぎますか", "はい、いそいで"],
    "correctAnswer": 0,
    "audio": null
  },
  {
    "id": 28,
    "section": "conversation",
    "question": "A: きょうの さぎょうは ここまでに しましょう。\nB: （＿＿＿＿）。",
    "choices": ["はい、おつかれさまでした", "はい、つかれました", "はい、つかれます", "はい、つかれる"],
    "correctAnswer": 0,
    "audio": null
  },
  {
    "id": 29,
    "section": "conversation",
    "question": "A: あしたは あめに なりそうですね。\nB: （＿＿＿＿）。",
    "choices": ["そうですね。かさを もって いきましょう", "そうですね。あめです", "そうですね。かさです", "そうですね。あめでした"],
    "correctAnswer": 0,
    "audio": null
  },
  {
    "id": 30,
    "section": "conversation",
    "question": "A: では、また あとで れんらく します。\nB: （＿＿＿＿）。",
    "choices": ["よろしく おねがいします", "よろしくでした", "よろしくしますか", "よろしくです"],
    "correctAnswer": 0,
    "audio": null
  },

  {
    "id": 31,
    "section": "listening",
    "question": "おとこのひとは なぜ いそいで いますか。",
    "choices": ["しめきりが あるから", "でんしゃが おそいから", "あめが ふっているから", "ともだちに あうから"],
    "correctAnswer": 0,
    "audio": null,
    "script": "おんなのひと： きょうは いそいで いますね。\nおとこのひと： はい。きょうじゅうに しりょうを ていしゅつ しなければ ならないので。"
  },
  {
    "id": 32,
    "section": "listening",
    "question": "ふたりは このあと なにを しますか。",
    "choices": ["かいぎを はじめます", "しりょうを なおします", "ひるごはんを たべます", "いえに かえります"],
    "correctAnswer": 1,
    "audio": null,
    "script": "おとこのひと： この ぶぶん、すこし なおした ほうが いいですね。\nおんなのひと： そうですね。じゃあ、いっしょに なおしましょう。"
  },
  {
    "id": 33,
    "section": "listening",
    "question": "おんなのひとは なぜ バスで きましたか。",
    "choices": ["でんしゃが とまって いたから", "バスが すきだから", "あめが ふっていたから", "ちかかったから"],
    "correctAnswer": 0,
    "audio": null,
    "script": "おとこのひと： きょうは でんしゃじゃ なかったんですね。\nおんなのひと： はい。じこで でんしゃが とまって いたので。"
  },
  {
    "id": 34,
    "section": "listening",
    "question": "ふたりは どこで ひるごはんを たべますか。",
    "choices": ["レストラン", "しょくどう", "コンビニ", "いえ"],
    "correctAnswer": 1,
    "audio": null,
    "script": "おんなのひと： ひるごはん、どうしますか。\nおとこのひと： じかんが ないので、かいしゃの しょくどうで。"
  },
  {
    "id": 35,
    "section": "listening",
    "question": "おとこのひとは なぜ かえりませんか。",
    "choices": ["ざんぎょうが あるから", "ともだちと あうから", "つかれたから", "あめだから"],
    "correctAnswer": 0,
    "audio": null,
    "script": "おんなのひと： きょうは もう かえりますか。\nおとこのひと： いいえ。すこし ざんぎょうが あります。"
  },
  {
    "id": 36,
    "section": "listening",
    "question": "おんなのひとは なにを しんぱい していますか。",
    "choices": ["てんき", "じかん", "からだの ちょうし", "しごと"],
    "correctAnswer": 2,
    "audio": null,
    "script": "おとこのひと： だいじょうぶですか。\nおんなのひと： ちょっと ねつが あって…。"
  },
  {
    "id": 37,
    "section": "listening",
    "question": "ふたりは なにを じゅんび していますか。",
    "choices": ["かいぎの しりょう", "りょこうの よてい", "イベント", "しょくじ"],
    "correctAnswer": 0,
    "audio": null,
    "script": "おんなのひと： あしたの かいぎの じゅんびは？\nおとこのひと： これから しりょうを まとめます。"
  },
  {
    "id": 38,
    "section": "listening",
    "question": "おとこのひとは いつ でんわを しますか。",
    "choices": ["いま", "きょう", "あした", "あとで"],
    "correctAnswer": 3,
    "audio": null,
    "script": "おんなのひと： その けんは？\nおとこのひと： あとで でんわ します。"
  },
  {
    "id": 39,
    "section": "listening",
    "question": "ふたりは なぜ いそいで いますか。",
    "choices": ["じかんが ないから", "あめだから", "でんしゃが ないから", "ひとが おおいから"],
    "correctAnswer": 0,
    "audio": null,
    "script": "おとこのひと： じかんが ありませんね。\nおんなのひと： ええ、いそぎましょう。"
  },
  {
    "id": 40,
    "section": "listening",
    "question": "おんなのひとは なにを たのみましたか。",
    "choices": ["コーヒー", "おちゃ", "ジュース", "みず"],
    "correctAnswer": 0,
    "audio": null,
    "script": "みせのひと： なにに しますか。\nおんなのひと： コーヒーを おねがいします。"
  },
  {
    "id": 41,
    "section": "listening",
    "question": "ふたりは いつ あいますか。",
    "choices": ["きょう", "あした", "らいしゅう", "こんしゅう"],
    "correctAnswer": 2,
    "audio": null,
    "script": "おとこのひと： こんしゅうは いそがしいですね。\nおんなのひと： じゃあ、らいしゅう。"
  },
  {
    "id": 42,
    "section": "listening",
    "question": "おとこのひとは なぜ タクシーを つかいましたか。",
    "choices": ["あめが つよかったから", "じかんが なかったから", "つかれたから", "でんしゃが すいていたから"],
    "correctAnswer": 1,
    "audio": null,
    "script": "おんなのひと： タクシーだったんですね。\nおとこのひと： じかんが なかったので。"
  },
  {
    "id": 43,
    "section": "listening",
    "question": "おんなのひとは なにを わすれましたか。",
    "choices": ["かさ", "スマートフォン", "しりょう", "さいふ"],
    "correctAnswer": 0,
    "audio": null,
    "script": "おんなのひと： あ、かさを わすれました。"
  },
  {
    "id": 44,
    "section": "listening",
    "question": "ふたりは なにを そうだん していますか。",
    "choices": ["しごとの すすめかた", "りょこう", "しょくじ", "てんき"],
    "correctAnswer": 0,
    "audio": null,
    "script": "おとこのひと： この しごと、どう すすめますか。\nおんなのひと： そうだん しましょう。"
  },
  {
    "id": 45,
    "section": "listening",
    "question": "おとこのひとは いつ かえりますか。",
    "choices": ["すぐ", "よる", "まだ わからない", "あした"],
    "correctAnswer": 2,
    "audio": null,
    "script": "おんなのひと： なんじごろ？\nおとこのひと： まだ わかりません。"
  },

  {
    "id": 46,
    "section": "reading",
    "question": "【メール】\n\nあしたの かいぎは １０じから はじまります。\nばしょは ３かいの かいぎしつです。\nしりょうは きょうじゅうに ていしゅつ して ください。\n\nしつもん：なにを きょう しますか。",
    "choices": ["かいぎに さんかします", "しりょうを ていしゅつします", "ひるごはんを たべます", "いえに かえります"],
    "correctAnswer": 1,
    "audio": null
  },
  {
    "id": 47,
    "section": "reading",
    "question": "【おしらせ】\n\nらいしゅうの げつようびは、\nせつび てんけんの ため、\nごぜん９じから ごご２じまで エレベーターが つかえません。\n\nしつもん：いつ エレベーターが つかえませんか。",
    "choices": ["ごぜん９じから ごご２じまで", "ごぜん９じから ごご４じまで", "ごご２じから よるまで", "いちにちじゅう"],
    "correctAnswer": 0,
    "audio": null
  },
  {
    "id": 48,
    "section": "reading",
    "question": "【メモ】\n\nきょうは ざんぎょうに なります。\nさきに かえって、ゆうしょくを たべて いて ください。\n\nしつもん：なぜ さきに たべて ほしいですか。",
    "choices": ["いっしょに たべたいから", "かえりが おそく なるから", "りょうりを つくりたいから", "そとで たべたいから"],
    "correctAnswer": 1,
    "audio": null
  },
  {
    "id": 49,
    "section": "reading",
    "question": "【メール】\n\nあしたは てんきが わるい よほうです。\nひつような ばあいは、ざんぎょうを へらします。\n\nしつもん：あした どう しますか。",
    "choices": ["ざんぎょうを ふやします", "ざんぎょうを へらします", "やすみます", "りょこうします"],
    "correctAnswer": 1,
    "audio": null
  },
  {
    "id": 50,
    "section": "reading",
    "question": "【おしらせ】\n\nこの へやは きけんです。\nはいらないで ください。\n\nしつもん：どう しなければ なりませんか。",
    "choices": ["はいっても いい", "はいっては いけない", "みても いい", "まっても いい"],
    "correctAnswer": 1,
    "audio": null
  },
  {
    "id": 51,
    "section": "reading",
    "question": "【メール】\n\nきのうは てつだって くれて ありがとう。\nおかげで はやく おわりました。\n\nしつもん：この ひとの きもちは どれですか。",
    "choices": ["かなしい", "こわい", "かんしゃしている", "いそいでいる"],
    "correctAnswer": 2,
    "audio": null
  },
  {
    "id": 52,
    "section": "reading",
    "question": "【メモ】\n\nあさ９じに しゅうごう。\n１０じから かいぎ。\n\nしつもん：かいぎは なんじからですか。",
    "choices": ["９じ", "１０じ", "１１じ", "ひる"],
    "correctAnswer": 1,
    "audio": null
  },
  {
    "id": 53,
    "section": "reading",
    "question": "【おしらせ】\n\nあしたは あめの よほうです。\nあしもとに ちゅうい して ください。\n\nしつもん：なにに ちゅうい しますか。",
    "choices": ["てんき", "あしもと", "じかん", "でんしゃ"],
    "correctAnswer": 1,
    "audio": null
  },
  {
    "id": 54,
    "section": "reading",
    "question": "【メール】\n\nらいしゅうの かいぎは えんきに なりました。\nあたらしい ひは あとで れんらく します。\n\nしつもん：いま わかって いる ことは どれですか。",
    "choices": ["かいぎは あります", "かいぎは えんきです", "ひが きまっています", "ばしょが かわりました"],
    "correctAnswer": 1,
    "audio": null
  },
  {
    "id": 55,
    "section": "reading",
    "question": "【メモ】\n\nこの しりょうは だいじです。\nなくさないで ください。\n\nしつもん：どう しなければ なりませんか。",
    "choices": ["なくしても いい", "なくしては いけない", "あげても いい", "つかっては いけない"],
    "correctAnswer": 1,
    "audio": null
  },
  {
    "id": 56,
    "section": "reading",
    "question": "【おしらせ】\n\nごみは あさ８じまでに だして ください。\n\nしつもん：いつまでに だしますか。",
    "choices": ["７じ", "８じ", "９じ", "ひる"],
    "correctAnswer": 1,
    "audio": null
  },
  {
    "id": 57,
    "section": "reading",
    "question": "【メール】\n\nあしたは かいしゃを やすみます。\nびょういんへ いく よていです。\n\nしつもん：なぜ やすみますか。",
    "choices": ["りょこうの ため", "びょういんへ いく ため", "ひまだから", "てんきが わるいから"],
    "correctAnswer": 1,
    "audio": null
  },
  {
    "id": 58,
    "section": "reading",
    "question": "【おしらせ】\n\nこの へやは かいぎちゅうです。\nあとで はいって ください。\n\nしつもん：いま どう しますか。",
    "choices": ["はいります", "まちます", "でます", "でんわします"],
    "correctAnswer": 1,
    "audio": null
  },
  {
    "id": 59,
    "section": "reading",
    "question": "【メール】\n\nしごとが おわったら、すぐ れんらく します。\n\nしつもん：いつ れんらく しますか。",
    "choices": ["いま", "あとで", "しごとの あと", "あした"],
    "correctAnswer": 2,
    "audio": null
  },
  {
    "id": 60,
    "section": "reading",
    "question": "【おしらせ】\n\nこの みせは ごぜん９じから ごご６じまでです。\n\nしつもん：なんじから あいていますか。",
    "choices": ["６じ", "７じ", "８じ", "９じ"],
    "correctAnswer": 3,
    "audio": null
  }
]
