[
  {
    "id": 1,
    "section": "vocabulary",
    "question": "「確認する」の いみは どれですか。",
    "choices": ["もういちど みる", "はじめて みる", "かえる", "わすれる"],
    "correctAnswer": 0,
    "audio": null
  },
  {
    "id": 2,
    "section": "vocabulary",
    "question": "この しごとは じかんが かかりますが、とても（　　　）です。",
    "choices": ["たいへん", "じゅうよう", "ひま", "かんたん"],
    "correctAnswer": 1,
    "audio": null
  },
  {
    "id": 3,
    "section": "vocabulary",
    "question": "「申請する」の いみは どれですか。",
    "choices": ["ねがいを だす", "きめる", "はなす", "つたえる"],
    "correctAnswer": 0,
    "audio": null
  },
  {
    "id": 4,
    "section": "vocabulary",
    "question": "あしたは あめの よほうなので、かさを もって（　　　）ほうが いいです。",
    "choices": ["いく", "いきます", "いくと", "いった"],
    "correctAnswer": 0,
    "audio": null
  },
  {
    "id": 5,
    "section": "vocabulary",
    "question": "「原因」の いみは どれですか。",
    "choices": ["けっか", "わけ", "りゆう", "もくてき"],
    "correctAnswer": 2,
    "audio": null
  },
  {
    "id": 6,
    "section": "vocabulary",
    "question": "でんしゃが じこで とまって しまい、よていより だいぶ（　　　）。",
    "choices": ["はやく なりました", "おそく なりました", "たのしく なりました", "らくに なりました"],
    "correctAnswer": 1,
    "audio": null
  },
  {
    "id": 7,
    "section": "vocabulary",
    "question": "「対応する」の いみは どれですか。",
    "choices": ["そのままに する", "あいてに あわせて する", "にげる", "まつ"],
    "correctAnswer": 1,
    "audio": null
  },
  {
    "id": 8,
    "section": "vocabulary",
    "question": "この しごとは ひとりでは できないので、チームで（　　　）します。",
    "choices": ["かいぎ", "きょうりょく", "そうだん", "れんらく"],
    "correctAnswer": 1,
    "audio": null
  },
  {
    "id": 9,
    "section": "vocabulary",
    "question": "「変更」の いみは どれですか。",
    "choices": ["そのまま", "かえること", "はじめること", "やめること"],
    "correctAnswer": 1,
    "audio": null
  },
  {
    "id": 10,
    "section": "vocabulary",
    "question": "かいぎの じかんが かわったので、みんなに（　　　）しました。",
    "choices": ["そうだん", "れんらく", "じゅんび", "けいけん"],
    "correctAnswer": 1,
    "audio": null
  },

  {
    "id": 11,
    "section": "vocabulary",
    "question": "「安全」の いみは どれですか。",
    "choices": ["あぶない", "だいじょうぶ", "こわい", "せまい"],
    "correctAnswer": 1,
    "audio": null
  },
  {
    "id": 12,
    "section": "vocabulary",
    "question": "この どうぐは つかいやすくて、とても（　　　）です。",
    "choices": ["べんり", "ふべん", "たいへん", "ひつよう"],
    "correctAnswer": 0,
    "audio": null
  },
  {
    "id": 13,
    "section": "vocabulary",
    "question": "「注意する」の いみは どれですか。",
    "choices": ["きに しない", "よく きく", "きを つける", "わすれる"],
    "correctAnswer": 2,
    "audio": null
  },
  {
    "id": 14,
    "section": "vocabulary",
    "question": "この しごとは けいけんが（　　　）人でも できます。",
    "choices": ["ひつような", "すくない", "おおい", "じゅうぶん"],
    "correctAnswer": 1,
    "audio": null
  },
  {
    "id": 15,
    "section": "vocabulary",
    "question": "「連続」の いみは どれですか。",
    "choices": ["ときどき", "つづけて", "べつべつに", "いちどだけ"],
    "correctAnswer": 1,
    "audio": null
  },

  {
    "id": 16,
    "section": "conversation",
    "question": "A: すみません、この しりょうを きょうじゅうに かくにん して もらえますか。\nB: （＿＿＿＿）。",
    "choices": ["はい、かくにんします", "はい、かくにんでした", "はい、かくにんです", "はい、かくにんしましたか"],
    "correctAnswer": 0,
    "audio": null
  },
  {
    "id": 17,
    "section": "conversation",
    "question": "A: あしたの よていは かわりましたか。\nB: （＿＿＿＿）。",
    "choices": ["はい、すこし かわりました", "はい、かわります", "はい、かわる", "はい、かわりましたか"],
    "correctAnswer": 0,
    "audio": null
  },
  {
    "id": 18,
    "section": "conversation",
    "question": "A: ちょっと たいおうが むずかしい もんだいですね。\nB: （＿＿＿＿）。",
    "choices": ["そうですね。みんなで そうだんしましょう", "そうですか。たいおうです", "そうでした。たいおうします", "そうですね。たいおうでした"],
    "correctAnswer": 0,
    "audio": null
  },
  {
    "id": 19,
    "section": "conversation",
    "question": "A: でんしゃが とまって しまいました。\nB: （＿＿＿＿）。",
    "choices": ["じゃあ、べつの ほうほうを かんがえましょう", "じゃあ、とまりましょう", "じゃあ、いきます", "じゃあ、のります"],
    "correctAnswer": 0,
    "audio": null
  },
  {
    "id": 20,
    "section": "conversation",
    "question": "A: すみません、きょうは すこし はやく かえっても いいですか。\nB: （＿＿＿＿）。",
    "choices": ["はい、だいじょうぶです", "はい、かえりました", "はい、かえります", "はい、だめです"],
    "correctAnswer": 0,
    "audio": null
  },

  {
    "id": 21,
    "section": "conversation",
    "question": "A: この さぎょうは いつまでに おわらせれば いいですか。\nB: （＿＿＿＿）。",
    "choices": ["きんようびまでです", "きんようびです", "きんようびでした", "きんようびになります"],
    "correctAnswer": 0,
    "audio": null
  },
  {
    "id": 22,
    "section": "conversation",
    "question": "A: その けんは もう かくにん しましたか。\nB: （＿＿＿＿）。",
    "choices": ["はい、さきほど しました", "はい、します", "はい、でした", "はい、していますか"],
    "correctAnswer": 0,
    "audio": null
  },
  {
    "id": 23,
    "section": "conversation",
    "question": "A: なにか もんだいが あったら、すぐ れんらく してください。\nB: （＿＿＿＿）。",
    "choices": ["わかりました", "わかります", "わかりましたか", "わかる"],
    "correctAnswer": 0,
    "audio": null
  },
  {
    "id": 24,
    "section": "conversation",
    "question": "A: この あと、じかんは ありますか。\nB: （＿＿＿＿）。",
    "choices": ["はい、３０ぷん ぐらい あります", "はい、３０ぷんでした", "はい、３０ぷんですか", "はい、３０ぷんでしたか"],
    "correctAnswer": 0,
    "audio": null
  },
  {
    "id": 25,
    "section": "conversation",
    "question": "A: すこし きゅうけい しませんか。\nB: （＿＿＿＿）。",
    "choices": ["そうですね。そうしましょう", "そうですね。します", "そうですね。でした", "そうですね。して"],
    "correctAnswer": 0,
    "audio": null
  },

  {
    "id": 26,
    "section": "conversation",
    "question": "A: この しごとは ひとりで できますか。\nB: （＿＿＿＿）。",
    "choices": ["いいえ、チームで する ひつようが あります", "いいえ、します", "いいえ、できました", "いいえ、できますか"],
    "correctAnswer": 0,
    "audio": null
  },
  {
    "id": 27,
    "section": "conversation",
    "question": "A: じかんが ないので、いそいで ください。\nB: （＿＿＿＿）。",
    "choices": ["はい、わかりました", "はい、いそぎました", "はい、いそぎますか", "はい、いそいで"],
    "correctAnswer": 0,
    "audio": null
  },
  {
    "id": 28,
    "section": "conversation",
    "question": "A: きょうの さぎょうは ここまでに しましょう。\nB: （＿＿＿＿）。",
    "choices": ["はい、おつかれさまでした", "はい、つかれました", "はい、つかれます", "はい、つかれる"],
    "correctAnswer": 0,
    "audio": null
  },
  {
    "id": 29,
    "section": "conversation",
    "question": "A: あしたは あめらしいですね。\nB: （＿＿＿＿）。",
    "choices": ["そうですね。かさが ひつようですね", "そうですね。あめです", "そうですね。かさです", "そうですね。あめでした"],
    "correctAnswer": 0,
    "audio": null
  },
  {
    "id": 30,
    "section": "conversation",
    "question": "A: では、また あとで れんらく します。\nB: （＿＿＿＿）。",
    "choices": ["よろしく おねがいします", "よろしくでした", "よろしくしますか", "よろしくです"],
    "correctAnswer": 0,
    "audio": null
  },

  {
    "id": 31,
    "section": "listening",
    "question": "おとこのひとは なぜ きょう いそいで いますか。",
    "choices": ["でんしゃが おくれているから", "たいせつな しめきりが あるから", "ともだちに あうから", "からだの ちょうしが わるいから"],
    "correctAnswer": 1,
    "audio": null,
    "script": "おんなのひと： きょうは いそいで いますね。\nおとこのひと： はい。きょうじゅうに しりょうを ださなければ ならないので、ちょっと いそいで います。"
  },
  {
    "id": 32,
    "section": "listening",
    "question": "ふたりは このあと なにを しますか。",
    "choices": ["かいぎを はじめます", "しりょうを なおします", "ひるごはんを たべます", "いえに かえります"],
    "correctAnswer": 1,
    "audio": null,
    "script": "おとこのひと： この しりょう、ここが まちがって いますね。\nおんなのひと： じゃあ、いっしょに なおしましょう。"
  },
  {
    "id": 33,
    "section": "listening",
    "question": "おんなのひとは なぜ でんしゃを つかいませんでしたか。",
    "choices": ["でんしゃが とまって いたから", "でんしゃが こみすぎて いたから", "あめが ふって いたから", "ちかかったから"],
    "correctAnswer": 0,
    "audio": null,
    "script": "おとこのひと： きょうは でんしゃで きましたか。\nおんなのひと： いいえ。じこで でんしゃが とまって いたので、バスで きました。"
  },
  {
    "id": 34,
    "section": "listening",
    "question": "ふたりは どこで ひるごはんを たべる よていですか。",
    "choices": ["レストラン", "しょくどう", "コンビニ", "いえ"],
    "correctAnswer": 1,
    "audio": null,
    "script": "おんなのひと： ひるごはんは どうしますか。\nおとこのひと： じかんが ないので、かいしゃの しょくどうで たべましょう。"
  },
  {
    "id": 35,
    "section": "listening",
    "question": "おとこのひとは なぜ かいしゃに のこりますか。",
    "choices": ["しごとが たのしいから", "ざんぎょうが あるから", "ともだちと あうから", "でんしゃが ないから"],
    "correctAnswer": 1,
    "audio": null,
    "script": "おんなのひと： きょうは もう かえりますか。\nおとこのひと： いいえ。すこし ざんぎょうが あるので、まだ のこります。"
  },

  {
    "id": 36,
    "section": "listening",
    "question": "おんなのひとは なにを しんぱい していますか。",
    "choices": ["てんき", "じかん", "しごとの ないよう", "からだの ちょうし"],
    "correctAnswer": 3,
    "audio": null,
    "script": "おとこのひと： だいじょうぶですか。\nおんなのひと： ちょっと ねつが あって、からだの ちょうしが しんぱいです。"
  },
  {
    "id": 37,
    "section": "listening",
    "question": "ふたりは なにを じゅんび しますか。",
    "choices": ["かいぎの しりょう", "りょこうの けいかく", "イベントの ばしょ", "しょくじ"],
    "correctAnswer": 0,
    "audio": null,
    "script": "おんなのひと： あしたの かいぎの じゅんびは できましたか。\nおとこのひと： まだ なので、これから しりょうを まとめます。"
  },
  {
    "id": 38,
    "section": "listening",
    "question": "おとこのひとは いつ でんわを しますか。",
    "choices": ["きょう", "あした", "らいしゅう", "あとで"],
    "correctAnswer": 3,
    "audio": null,
    "script": "おんなのひと： その けんは どう なりましたか。\nおとこのひと： まだ なので、あとで でんわ します。"
  },
  {
    "id": 39,
    "section": "listening",
    "question": "ふたりは どうして いそいで いますか。",
    "choices": ["じかんが ないから", "あめが ふるから", "でんしゃが ないから", "ひとが おおいから"],
    "correctAnswer": 0,
    "audio": null,
    "script": "おとこのひと： じかんが ないですね。\nおんなのひと： ええ。はやく おわらせましょう。"
  },
  {
    "id": 40,
    "section": "listening",
    "question": "おんなのひとは なにを たのみましたか。",
    "choices": ["コーヒー", "おちゃ", "ジュース", "みず"],
    "correctAnswer": 0,
    "audio": null,
    "script": "みせのひと： なにに しますか。\nおんなのひと： コーヒーを おねがいします。"
  },

  {
    "id": 41,
    "section": "listening",
    "question": "ふたりは いつ あいますか。",
    "choices": ["きょう", "あした", "らいしゅう", "こんしゅう"],
    "correctAnswer": 2,
    "audio": null,
    "script": "おとこのひと： こんしゅうは いそがしいですね。\nおんなのひと： じゃあ、らいしゅう あいましょう。"
  },
  {
    "id": 42,
    "section": "listening",
    "question": "おとこのひとは なぜ タクシーを つかいましたか。",
    "choices": ["あめが つよかったから", "じかんが なかったから", "つかれたから", "でんしゃが すいていたから"],
    "correctAnswer": 1,
    "audio": null,
    "script": "おんなのひと： きょうは タクシーだったんですね。\nおとこのひと： はい。じかんが なかったので つかいました。"
  },
  {
    "id": 43,
    "section": "listening",
    "question": "おんなのひとは なにを わすれましたか。",
    "choices": ["かさ", "スマートフォン", "しりょう", "さいふ"],
    "correctAnswer": 0,
    "audio": null,
    "script": "おんなのひと： あ、かさを わすれて しまいました。\nおとこのひと： え、あめなのに たいへんですね。"
  },
  {
    "id": 44,
    "section": "listening",
    "question": "ふたりは なにを そうだん しますか。",
    "choices": ["しごとの すすめかた", "りょこうの よてい", "しょくじ", "てんき"],
    "correctAnswer": 0,
    "audio": null,
    "script": "おとこのひと： この しごと、どう すすめますか。\nおんなのひと： じゃあ、いちど そうだん しましょう。"
  },
  {
    "id": 45,
    "section": "listening",
    "question": "おとこのひとは いつ かえりますか。",
    "choices": ["すぐ", "よる", "まだ わからない", "あした"],
    "correctAnswer": 2,
    "audio": null,
    "script": "おんなのひと： なんじごろ かえりますか。\nおとこのひと： まだ わかりません。"
  },

  {
    "id": 46,
    "section": "reading",
    "question": "【メール】\n\nさとうさん\n\nあしたの かいぎは よていどおり １０じから はじまります。\nばしょは ２かいの かいぎしつです。\nかいぎの あと、しりょうの せいりを する よていです。\n\nしつもん：かいぎの あと、なにを しますか。",
    "choices": ["いえに かえります", "しりょうを せいりします", "ひるごはんを たべます", "べつの かいぎが あります"],
    "correctAnswer": 1,
    "audio": null
  },
  {
    "id": 47,
    "section": "reading",
    "question": "【おしらせ】\n\nらいしゅうの げつようびは、\nせつび てんけんの ため、\nごぜん９じから ごご２じまで エレベーターが つかえません。\n\nしつもん：いつ エレベーターが つかえませんか。",
    "choices": ["ごぜん９じから ごご２じまで", "ごぜん９じから ごご４じまで", "ごご２じから よるまで", "いちにちじゅう"],
    "correctAnswer": 0,
    "audio": null
  },
  {
    "id": 48,
    "section": "reading",
    "question": "【メモ】\n\nきょうは ざんぎょうに なりそうです。\nさきに かえって、ゆうしょくを たべて いて ください。\n\nしつもん：この メモを かいた ひとの いけんは どれですか。",
    "choices": ["いっしょに たべたい", "さきに たべて ほしい", "りょうりを つくりたい", "そとで たべて ほしい"],
    "correctAnswer": 1,
    "audio": null
  },
  {
    "id": 49,
    "section": "reading",
    "question": "【メール】\n\nあしたは てんきが わるい よほうです。\nひつような ばあいは、ざんぎょうを へらします。\n\nしつもん：あした どう しますか。",
    "choices": ["ざんぎょうを ふやします", "ざんぎょうを へらします", "やすみます", "りょこうします"],
    "correctAnswer": 1,
    "audio": null
  },
  {
    "id": 50,
    "section": "reading",
    "question": "【おしらせ】\n\nこの へやは きけんです。\nはいらないで ください。\n\nしつもん：どう しなければ なりませんか。",
    "choices": ["はいっても いい", "はいっては いけない", "みても いい", "まっても いい"],
    "correctAnswer": 1,
    "audio": null
  },

  {
    "id": 51,
    "section": "reading",
    "question": "【メール】\n\nきのうは てつだって くれて ありがとう。\nおかげで はやく おわりました。\n\nしつもん：この ひとは どう かんじて いますか。",
    "choices": ["かなしい", "こわい", "かんしゃしている", "いそいでいる"],
    "correctAnswer": 2,
    "audio": null
  },
  {
    "id": 52,
    "section": "reading",
    "question": "【メモ】\n\nあさ９じに しゅうごう。\n１０じから かいぎ。\n\nしつもん：なんじから かいぎですか。",
    "choices": ["９じ", "１０じ", "１１じ", "ひる"],
    "correctAnswer": 1,
    "audio": null
  },
  {
    "id": 53,
    "section": "reading",
    "question": "【おしらせ】\n\nあしたは あめの よほうです。\nあしもとに ちゅうい して ください。\n\nしつもん：なにに ちゅうい しますか。",
    "choices": ["てんき", "あしもと", "じかん", "でんしゃ"],
    "correctAnswer": 1,
    "audio": null
  },
  {
    "id": 54,
    "section": "reading",
    "question": "【メール】\n\nらいしゅうの かいぎは えんきに なりました。\nあたらしい ひは あとで れんらく します。\n\nしつもん：いま わかって いる ことは どれですか。",
    "choices": ["かいぎは あります", "かいぎは えんきです", "ひが きまっています", "ばしょが かわりました"],
    "correctAnswer": 1,
    "audio": null
  },
  {
    "id": 55,
    "section": "reading",
    "question": "【メモ】\n\nこの しりょうは だいじです。\nなくさないで ください。\n\nしつもん：どう しなければ なりませんか。",
    "choices": ["なくしても いい", "なくしては いけない", "あげても いい", "つかっては いけない"],
    "correctAnswer": 1,
    "audio": null
  },

  {
    "id": 56,
    "section": "reading",
    "question": "【おしらせ】\n\nごみは あさ８じまでに だして ください。\n\nしつもん：いつまでに だしますか。",
    "choices": ["７じ", "８じ", "９じ", "ひる"],
    "correctAnswer": 1,
    "audio": null
  },
  {
    "id": 57,
    "section": "reading",
    "question": "【メール】\n\nあしたは かいしゃを やすみます。\nびょういんへ いく よていです。\n\nしつもん：なぜ やすみますか。",
    "choices": ["りょこうの ため", "びょういんへ いく ため", "ひまだから", "てんきが わるいから"],
    "correctAnswer": 1,
    "audio": null
  },
  {
    "id": 58,
    "section": "reading",
    "question": "【おしらせ】\n\nこの へやは かいぎちゅうです。\nあとで はいって ください。\n\nしつもん：いま どう しますか。",
    "choices": ["はいります", "まちます", "でます", "でんわします"],
    "correctAnswer": 1,
    "audio": null
  },
  {
    "id": 59,
    "section": "reading",
    "question": "【メール】\n\nしごとが おわったら、すぐ れんらく します。\n\nしつもん：いつ れんらく しますか。",
    "choices": ["いま", "あとで", "しごとの あと", "あした"],
    "correctAnswer": 2,
    "audio": null
  },
  {
    "id": 60,
    "section": "reading",
    "question": "【おしらせ】\n\nこの みせは ごぜん９じから ごご６じまでです。\n\nしつもん：なんじから あいていますか。",
    "choices": ["６じ", "７じ", "８じ", "９じ"],
    "correctAnswer": 3,
    "audio": null
  }
]
