[
  {
    "id": 1,
    "section": "vocabulary",
    "question": "「確認書」の いみは どれですか。",
    "choices": ["けいやくの ほん", "ないようを かくにん する しょるい", "おかねの きろく", "れんらくさき"],
    "correctAnswer": 1,
    "audio": null
  },
  {
    "id": 2,
    "section": "vocabulary",
    "question": "この しごとは じゅんびが（　　　）なので、じかんが かかります。",
    "choices": ["ふよう", "ひつよう", "らく", "かんたん"],
    "correctAnswer": 1,
    "audio": null
  },
  {
    "id": 3,
    "section": "vocabulary",
    "question": "「遅刻する」の いみは どれですか。",
    "choices": ["はやく つく", "じかんに おくれる", "やすむ", "まにあう"],
    "correctAnswer": 1,
    "audio": null
  },
  {
    "id": 4,
    "section": "vocabulary",
    "question": "でんしゃが じこで とまり、かいぎに（　　　）しました。",
    "choices": ["ちこく", "ちこくを", "ちこくに", "ちこくで"],
    "correctAnswer": 0,
    "audio": null
  },
  {
    "id": 5,
    "section": "vocabulary",
    "question": "「担当者」の いみは どれですか。",
    "choices": ["しごとの ばしょ", "その しごとを する ひと", "しごとの じかん", "かいしゃ"],
    "correctAnswer": 1,
    "audio": null
  },
  {
    "id": 6,
    "section": "vocabulary",
    "question": "この けんは わたしが（　　　）します。",
    "choices": ["たんとう", "たんとうを", "たんとうで", "たんとうに"],
    "correctAnswer": 0,
    "audio": null
  },
  {
    "id": 7,
    "section": "vocabulary",
    "question": "「再確認」の いみは どれですか。",
    "choices": ["はじめて みる", "もう いちど かくにん する", "わすれる", "かえる"],
    "correctAnswer": 1,
    "audio": null
  },
  {
    "id": 8,
    "section": "vocabulary",
    "question": "まちがいが ないか、あとで（　　　）してください。",
    "choices": ["さいかくにん", "さいかくにんを", "さいかくにんに", "さいかくにんで"],
    "correctAnswer": 0,
    "audio": null
  },
  {
    "id": 9,
    "section": "vocabulary",
    "question": "「改善点」の いみは どれですか。",
    "choices": ["よく なった ところ", "なおした ほうが いい ところ", "わるい けっか", "べんりな ところ"],
    "correctAnswer": 1,
    "audio": null
  },
  {
    "id": 10,
    "section": "vocabulary",
    "question": "この てんを（　　　）すれば、もっと よく なります。",
    "choices": ["かいぜん", "かいぜんに", "かいぜんで", "かいぜんを"],
    "correctAnswer": 3,
    "audio": null
  },

  {
    "id": 11,
    "section": "vocabulary",
    "question": "「急用」の いみは どれですか。",
    "choices": ["たいせつな ようじ", "たのしい ようじ", "いつもの しごと", "やすみ"],
    "correctAnswer": 0,
    "audio": null
  },
  {
    "id": 12,
    "section": "vocabulary",
    "question": "きょうは きゅうようが あるので、はやく（　　　）。",
    "choices": ["かえります", "かえりました", "かえり", "かえって"],
    "correctAnswer": 0,
    "audio": null
  },
  {
    "id": 13,
    "section": "vocabulary",
    "question": "「利用者」の いみは どれですか。",
    "choices": ["つかう ひと", "はたらく ひと", "つくる ひと", "あんないする ひと"],
    "correctAnswer": 0,
    "audio": null
  },
  {
    "id": 14,
    "section": "vocabulary",
    "question": "この サービスは りようしゃが（　　　）です。",
    "choices": ["すくない", "おおい", "ひま", "いそがしい"],
    "correctAnswer": 1,
    "audio": null
  },
  {
    "id": 15,
    "section": "vocabulary",
    "question": "「期限」の いみは どれですか。",
    "choices": ["はじまりの ひ", "おわりの ひ", "やすみの ひ", "よてい"],
    "correctAnswer": 1,
    "audio": null
  },

  {
    "id": 16,
    "section": "conversation",
    "question": "A: この しょるいの きげんは いつですか。\nB: （＿＿＿＿）。",
    "choices": ["あしたまでです", "あしたですか", "あしたでした", "あしたになります"],
    "correctAnswer": 0,
    "audio": null
  },
  {
    "id": 17,
    "section": "conversation",
    "question": "A: すみません、きょうは ちこく しました。\nB: （＿＿＿＿）。",
    "choices": ["だいじょうぶです。つぎは きを つけて ください", "ちこくします", "ちこくでした", "ちこくです"],
    "correctAnswer": 0,
    "audio": null
  },
  {
    "id": 18,
    "section": "conversation",
    "question": "A: この へんこうは だれが たんとう ですか。\nB: （＿＿＿＿）。",
    "choices": ["わたしが たんとうです", "わたしを たんとうです", "わたしに たんとうです", "わたしで たんとうです"],
    "correctAnswer": 0,
    "audio": null
  },
  {
    "id": 19,
    "section": "conversation",
    "question": "A: しめきりに まにあいそうですか。\nB: （＿＿＿＿）。",
    "choices": ["はい、なんとか まにあいそうです", "はい、まにあいました", "はい、まにあいます", "はい、まにあいでした"],
    "correctAnswer": 0,
    "audio": null
  },
  {
    "id": 20,
    "section": "conversation",
    "question": "A: この けっかについて、どう おもいますか。\nB: （＿＿＿＿）。",
    "choices": ["すこし かいぜんが ひつようだと おもいます", "すこし かいぜんでした", "すこし かいぜんします", "すこし かいぜんです"],
    "correctAnswer": 0,
    "audio": null
  },

  {
    "id": 21,
    "section": "conversation",
    "question": "A: きゅうようが できたので、さきに しつれい します。\nB: （＿＿＿＿）。",
    "choices": ["わかりました。おつかれさまです", "わかりましたか", "わかります", "わかる"],
    "correctAnswer": 0,
    "audio": null
  },
  {
    "id": 22,
    "section": "conversation",
    "question": "A: この あと じかんは ありますか。\nB: （＿＿＿＿）。",
    "choices": ["はい、すこし あります", "はい、すこしでした", "はい、すこしですか", "はい、すこしでしたか"],
    "correctAnswer": 0,
    "audio": null
  },
  {
    "id": 23,
    "section": "conversation",
    "question": "A: なにか もんだいが あれば、すぐ れんらく してください。\nB: （＿＿＿＿）。",
    "choices": ["わかりました", "わかります", "わかりましたか", "わかる"],
    "correctAnswer": 0,
    "audio": null
  },
  {
    "id": 24,
    "section": "conversation",
    "question": "A: では、この へんで しつれい します。\nB: （＿＿＿＿）。",
    "choices": ["おつかれさまでした", "おつかれします", "おつかれでした", "おつかれです"],
    "correctAnswer": 0,
    "audio": null
  },
  {
    "id": 25,
    "section": "conversation",
    "question": "A: あしたは あめに なりそうですね。\nB: （＿＿＿＿）。",
    "choices": ["そうですね。かさが ひつようですね", "そうですね。あめでした", "そうですね。かさでした", "そうですね。あめですか"],
    "correctAnswer": 0,
    "audio": null
  },

  {
    "id": 26,
    "section": "conversation",
    "question": "A: この しごとは いつまでに おわらせますか。\nB: （＿＿＿＿）。",
    "choices": ["こんしゅうちゅうに おわらせます", "こんしゅうちゅうです", "こんしゅうちゅうでした", "こんしゅうちゅうになります"],
    "correctAnswer": 0,
    "audio": null
  },
  {
    "id": 27,
    "section": "conversation",
    "question": "A: じかんが ないので、いそいで ください。\nB: （＿＿＿＿）。",
    "choices": ["はい、すぐ します", "はい、すぐでした", "はい、すぐです", "はい、すぐしますか"],
    "correctAnswer": 0,
    "audio": null
  },
  {
    "id": 28,
    "section": "conversation",
    "question": "A: きょうの さぎょうは ここまでに しましょう。\nB: （＿＿＿＿）。",
    "choices": ["はい、おつかれさまでした", "はい、つかれました", "はい、つかれます", "はい、つかれる"],
    "correctAnswer": 0,
    "audio": null
  },
  {
    "id": 29,
    "section": "conversation",
    "question": "A: また あとで れんらく します。\nB: （＿＿＿＿）。",
    "choices": ["よろしく おねがいします", "よろしくでした", "よろしくしますか", "よろしくです"],
    "correctAnswer": 0,
    "audio": null
  },
  {
    "id": 30,
    "section": "conversation",
    "question": "A: この あんないで だいじょうぶですか。\nB: （＿＿＿＿）。",
    "choices": ["はい、だいじょうぶです", "はい、だいじょうぶでした", "はい、だいじょうぶですか", "はい、だいじょうぶに"],
    "correctAnswer": 0,
    "audio": null
  },

  {
    "id": 31,
    "section": "listening",
    "question": "おとこのひとは なぜ きょう はやく かえりますか。",
    "choices": ["きゅうようが あるから", "つかれたから", "あめだから", "でんしゃが ないから"],
    "correctAnswer": 0,
    "audio": null,
    "script": "おんなのひと： きょうは もう かえりますか。\nおとこのひと： はい。きゅうようが あるので、はやく かえります。"
  },
  {
    "id": 32,
    "section": "listening",
    "question": "ふたりは このあと なにを しますか。",
    "choices": ["すぐ かえります", "しりょうを かくにん します", "かいぎを はじめます", "ひるごはんを たべます"],
    "correctAnswer": 1,
    "audio": null,
    "script": "おとこのひと： この しりょう、さいごに かくにん しましょう。\nおんなのひと： はい、そうですね。"
  },
  {
    "id": 33,
    "section": "listening",
    "question": "おんなのひとは なぜ バスを つかいましたか。",
    "choices": ["でんしゃが うんきゅう だったから", "あめが つよかったから", "ちかかったから", "ひま だったから"],
    "correctAnswer": 0,
    "audio": null,
    "script": "おとこのひと： きょうは バスだったんですね。\nおんなのひと： はい。でんしゃが うんきゅう だったので。"
  },
  {
    "id": 34,
    "section": "listening",
    "question": "ふたりは どこで ひるごはんを たべますか。",
    "choices": ["レストラン", "しょくどう", "コンビニ", "いえ"],
    "correctAnswer": 1,
    "audio": null,
    "script": "おんなのひと： ひるごはん、どうしますか。\nおとこのひと： かいしゃの しょくどうに しましょう。"
  },
  {
    "id": 35,
    "section": "listening",
    "question": "おとこのひとは なぜ まだ のこりますか。",
    "choices": ["しめきりが あるから", "ともだちと あうから", "つかれたから", "あめだから"],
    "correctAnswer": 0,
    "audio": null,
    "script": "おんなのひと： もう かえりますか。\nおとこのひと： いいえ。しめきりが あるので、まだ のこります。"
  },
  {
    "id": 36,
    "section": "listening",
    "question": "おんなのひとは なにを しんぱい していますか。",
    "choices": ["てんき", "じかん", "からだの ちょうし", "しごと"],
    "correctAnswer": 2,
    "audio": null,
    "script": "おとこのひと： だいじょうぶですか。\nおんなのひと： ちょっと ねつが あって…。"
  },
  {
    "id": 37,
    "section": "listening",
    "question": "ふたりは なにを じゅんび していますか。",
    "choices": ["かいぎの しりょう", "りょこうの よてい", "イベント", "しょくじ"],
    "correctAnswer": 0,
    "audio": null,
    "script": "おんなのひと： あしたの かいぎの じゅんびは？\nおとこのひと： しりょうを まとめています。"
  },
  {
    "id": 38,
    "section": "listening",
    "question": "おとこのひとは いつ れんらく しますか。",
    "choices": ["いま", "きょう", "あした", "あとで"],
    "correctAnswer": 3,
    "audio": null,
    "script": "おんなのひと： その けんは？\nおとこのひと： あとで れんらく します。"
  },
  {
    "id": 39,
    "section": "listening",
    "question": "ふたりは なぜ いそいで いますか。",
    "choices": ["じかんが ないから", "あめだから", "でんしゃが ないから", "ひとが おおいから"],
    "correctAnswer": 0,
    "audio": null,
    "script": "おとこのひと： じかんが ありません。\nおんなのひと： いそぎましょう。"
  },
  {
    "id": 40,
    "section": "listening",
    "question": "おんなのひとは なにを たのみましたか。",
    "choices": ["コーヒー", "おちゃ", "ジュース", "みず"],
    "correctAnswer": 0,
    "audio": null,
    "script": "みせのひと： なにに しますか。\nおんなのひと： コーヒーを おねがいします。"
  },

  {
    "id": 41,
    "section": "listening",
    "question": "ふたりは いつ あいますか。",
    "choices": ["きょう", "あした", "らいしゅう", "こんしゅう"],
    "correctAnswer": 2,
    "audio": null,
    "script": "おとこのひと： こんしゅうは いそがしいですね。\nおんなのひと： じゃあ、らいしゅう あいましょう。"
  },
  {
    "id": 42,
    "section": "listening",
    "question": "おとこのひとは なぜ タクシーを つかいましたか。",
    "choices": ["あめが つよかったから", "じかんが なかったから", "つかれたから", "でんしゃが すいていたから"],
    "correctAnswer": 1,
    "audio": null,
    "script": "おんなのひと： タクシーだったんですね。\nおとこのひと： じかんが なかったので。"
  },
  {
    "id": 43,
    "section": "listening",
    "question": "おんなのひとは なにを わすれましたか。",
    "choices": ["かさ", "スマートフォン", "しりょう", "さいふ"],
    "correctAnswer": 0,
    "audio": null,
    "script": "おんなのひと： あ、かさを わすれました。"
  },
  {
    "id": 44,
    "section": "listening",
    "question": "ふたりは なにを そうだん していますか。",
    "choices": ["しごとの すすめかた", "りょこう", "しょくじ", "てんき"],
    "correctAnswer": 0,
    "audio": null,
    "script": "おとこのひと： この しごと、どう すすめますか。\nおんなのひと： そうだん しましょう。"
  },
  {
    "id": 45,
    "section": "listening",
    "question": "おとこのひとは いつ かえりますか。",
    "choices": ["すぐ", "よる", "まだ わからない", "あした"],
    "correctAnswer": 2,
    "audio": null,
    "script": "おんなのひと： なんじごろ かえりますか。\nおとこのひと： まだ わかりません。"
  },

  {
    "id": 46,
    "section": "reading",
    "question": "【メール】\n\nこの しょるいは あしたまでに ていしゅつ して ください。\nきげんを すぎると うけつけ できません。\n\nしつもん：いつまでに だしますか。",
    "choices": ["きょう", "あしたまで", "あさって", "らいしゅう"],
    "correctAnswer": 1,
    "audio": null
  },
  {
    "id": 47,
    "section": "reading",
    "question": "【おしらせ】\n\nらいしゅうの かようびは、\nせつび てんけんの ため、\nごぜん１０じから ごご３じまで りよう できません。\n\nしつもん：いつ つかえませんか。",
    "choices": ["ごぜん１０じから ごご３じまで", "ごぜん９じから ごご３じまで", "ごご３じから よるまで", "いちにちじゅう"],
    "correctAnswer": 0,
    "audio": null
  },
  {
    "id": 48,
    "section": "reading",
    "question": "【メモ】\n\nきょうは ざんぎょうに なります。\nさきに かえって、ゆうしょくを たべて いて ください。\n\nしつもん：なぜ さきに たべて ほしいですか。",
    "choices": ["いっしょに たべたいから", "かえりが おそく なるから", "りょうりを つくりたいから", "そとで たべたいから"],
    "correctAnswer": 1,
    "audio": null
  },
  {
    "id": 49,
    "section": "reading",
    "question": "【メール】\n\nあしたは てんきが わるい よほうです。\nひつような ばあいは、ざんぎょうを へらします。\n\nしつもん：あした どう しますか。",
    "choices": ["ざんぎょうを ふやします", "ざんぎょうを へらします", "やすみます", "りょこうします"],
    "correctAnswer": 1,
    "audio": null
  },
  {
    "id": 50,
    "section": "reading",
    "question": "【おしらせ】\n\nこの へやは きけんです。\nはいらないで ください。\n\nしつもん：どう しなければ なりませんか。",
    "choices": ["はいっても いい", "はいっては いけない", "みても いい", "まっても いい"],
    "correctAnswer": 1,
    "audio": null
  },
  {
    "id": 51,
    "section": "reading",
    "question": "【メール】\n\nきのうは てつだって くれて ありがとう。\nおかげで はやく おわりました。\n\nしつもん：この ひとの きもちは どれですか。",
    "choices": ["かなしい", "こわい", "かんしゃしている", "いそいでいる"],
    "correctAnswer": 2,
    "audio": null
  },
  {
    "id": 52,
    "section": "reading",
    "question": "【メモ】\n\nあさ９じに しゅうごう。\n１０じから かいぎ。\n\nしつもん：かいぎは なんじからですか。",
    "choices": ["９じ", "１０じ", "１１じ", "ひる"],
    "correctAnswer": 1,
    "audio": null
  },
  {
    "id": 53,
    "section": "reading",
    "question": "【おしらせ】\n\nあしたは あめの よほうです。\nあしもとに ちゅうい して ください。\n\nしつもん：なにに ちゅうい しますか。",
    "choices": ["てんき", "あしもと", "じかん", "でんしゃ"],
    "correctAnswer": 1,
    "audio": null
  },
  {
    "id": 54,
    "section": "reading",
    "question": "【メール】\n\nらいしゅうの かいぎは えんきに なりました。\nあたらしい ひは あとで れんらく します。\n\nしつもん：いま わかって いる ことは どれですか。",
    "choices": ["かいぎは あります", "かいぎは えんきです", "ひが きまっています", "ばしょが かわりました"],
    "correctAnswer": 1,
    "audio": null
  },
  {
    "id": 55,
    "section": "reading",
    "question": "【メモ】\n\nこの しりょうは だいじです。\nなくさないで ください。\n\nしつもん：どう しなければ なりませんか。",
    "choices": ["なくしても いい", "なくしては いけない", "あげても いい", "つかっては いけない"],
    "correctAnswer": 1,
    "audio": null
  },
  {
    "id": 56,
    "section": "reading",
    "question": "【おしらせ】\n\nごみは あさ８じまでに だして ください。\n\nしつもん：いつまでに だしますか。",
    "choices": ["７じ", "８じ", "９じ", "ひる"],
    "correctAnswer": 1,
    "audio": null
  },
  {
    "id": 57,
    "section": "reading",
    "question": "【メール】\n\nあしたは かいしゃを やすみます。\nびょういんへ いく よていです。\n\nしつもん：なぜ やすみますか。",
    "choices": ["りょこうの ため", "びょういんへ いく ため", "ひまだから", "てんきが わるいから"],
    "correctAnswer": 1,
    "audio": null
  },
  {
    "id": 58,
    "section": "reading",
    "question": "【おしらせ】\n\nこの へやは かいぎちゅうです。\nあとで はいって ください。\n\nしつもん：いま どう しますか。",
    "choices": ["はいります", "まちます", "でます", "でんわします"],
    "correctAnswer": 1,
    "audio": null
  },
  {
    "id": 59,
    "section": "reading",
    "question": "【メール】\n\nしごとが おわったら、すぐ れんらく します。\n\nしつもん：いつ れんらく しますか。",
    "choices": ["いま", "あとで", "しごとの あと", "あした"],
    "correctAnswer": 2,
    "audio": null
  },
  {
    "id": 60,
    "section": "reading",
    "question": "【おしらせ】\n\nこの みせは ごぜん９じから ごご６じまでです。\n\nしつもん：なんじから あいていますか。",
    "choices": ["６じ", "７じ", "８じ", "９じ"],
    "correctAnswer": 3,
    "audio": null
  }
]
