[
  {
    "id": 1,
    "section": "vocabulary",
    "question": "「相談する」の いみは どれですか。",
    "choices": ["ひとりで きめる", "だれかに はなして いっしょに かんがえる", "すぐ こうどうする", "あとで する"],
    "correctAnswer": 1,
    "audio": null
  },
  {
    "id": 2,
    "section": "vocabulary",
    "question": "この しごとは たいへんですが、とても（　　　）が あります。",
    "choices": ["べんり", "やりがい", "やすみ", "しんぱい"],
    "correctAnswer": 1,
    "audio": null
  },
  {
    "id": 3,
    "section": "vocabulary",
    "question": "「準備」の いみは どれですか。",
    "choices": ["はじまってから する こと", "まえもって する こと", "おわってから する こと", "いらない こと"],
    "correctAnswer": 1,
    "audio": null
  },
  {
    "id": 4,
    "section": "vocabulary",
    "question": "あしたは かいぎが あるので、はやく（　　　）ひつようが あります。",
    "choices": ["おきる", "おきます", "おきたい", "おきなければ なりません"],
    "correctAnswer": 3,
    "audio": null
  },
  {
    "id": 5,
    "section": "vocabulary",
    "question": "「安心する」と いう いみは どれですか。",
    "choices": ["しんぱいに なる", "ほっと する", "おこる", "いそぐ"],
    "correctAnswer": 1,
    "audio": null
  },
  {
    "id": 6,
    "section": "vocabulary",
    "question": "でんしゃが じこで とまり、よていより だいぶ（　　　）なりました。",
    "choices": ["はやく", "おそく", "たのしく", "らくに"],
    "correctAnswer": 1,
    "audio": null
  },
  {
    "id": 7,
    "section": "vocabulary",
    "question": "「説明する」の いみは どれですか。",
    "choices": ["みせる", "わかりやすく はなす", "きく", "かく"],
    "correctAnswer": 1,
    "audio": null
  },
  {
    "id": 8,
    "section": "vocabulary",
    "question": "この しごとは ひとりでは できないので、みんなで（　　　）します。",
    "choices": ["きょうりょく", "れんしゅう", "けいけん", "あんしん"],
    "correctAnswer": 0,
    "audio": null
  },
  {
    "id": 9,
    "section": "vocabulary",
    "question": "「予定を 変更する」の いみは どれですか。",
    "choices": ["よていを まもる", "よていを かえる", "よていを つくる", "よていを わすれる"],
    "correctAnswer": 1,
    "audio": null
  },
  {
    "id": 10,
    "section": "vocabulary",
    "question": "あめが つよく なったので、タクシーを（　　　）ことに しました。",
    "choices": ["つかう", "つかいます", "つかうの", "つかった"],
    "correctAnswer": 2,
    "audio": null
  },

  {
    "id": 11,
    "section": "vocabulary",
    "question": "「確認する」の いみは どれですか。",
    "choices": ["わすれる", "もういちど みる", "すぐ きめる", "かえる"],
    "correctAnswer": 1,
    "audio": null
  },
  {
    "id": 12,
    "section": "vocabulary",
    "question": "この まちは よるでも にぎやかで、ひとが（　　　）です。",
    "choices": ["すくない", "おおい", "しずか", "くらい"],
    "correctAnswer": 1,
    "audio": null
  },
  {
    "id": 13,
    "section": "vocabulary",
    "question": "「必要」の いみは どれですか。",
    "choices": ["いらない", "たいせつ", "ひつよう", "むずかしい"],
    "correctAnswer": 2,
    "audio": null
  },
  {
    "id": 14,
    "section": "vocabulary",
    "question": "この しごとは けいけんが（　　　）人でも できます。",
    "choices": ["おおい", "すくない", "じゅうぶん", "ひつよう"],
    "correctAnswer": 1,
    "audio": null
  },
  {
    "id": 15,
    "section": "vocabulary",
    "question": "「遅れる」の いみは どれですか。",
    "choices": ["はやく なる", "じかんどおり", "おそく なる", "いそぐ"],
    "correctAnswer": 2,
    "audio": null
  },

  {
    "id": 16,
    "section": "conversation",
    "question": "A: きょうの しごとは どの ぐらい かかりそうですか。\nB: （＿＿＿＿）。",
    "choices": ["２じまでです", "２じごろに おわりそうです", "２じに しました", "２じでした"],
    "correctAnswer": 1,
    "audio": null
  },
  {
    "id": 17,
    "section": "conversation",
    "question": "A: あしたの かいぎ、さんか できますか。\nB: （＿＿＿＿）。",
    "choices": ["はい、さんか します", "はい、さんか しました", "はい、さんか です", "はい、さんか でした"],
    "correctAnswer": 0,
    "audio": null
  },
  {
    "id": 18,
    "section": "conversation",
    "question": "A: ちょっと そうだんが あるんですが、いま いいですか。\nB: （＿＿＿＿）。",
    "choices": ["はい、だいじょうぶです", "はい、そうだんです", "いいえ、そうだん", "はい、いいでした"],
    "correctAnswer": 0,
    "audio": null
  },
  {
    "id": 19,
    "section": "conversation",
    "question": "A: この しごとの やりかたが よく わからないんですが。\nB: （＿＿＿＿）。",
    "choices": ["じゃあ、せつめいします", "じゃあ、しました", "じゃあ、せつめいです", "じゃあ、せつめいでした"],
    "correctAnswer": 0,
    "audio": null
  },
  {
    "id": 20,
    "section": "conversation",
    "question": "A: すみません、きょうは すこし おくれそうです。\nB: （＿＿＿＿）。",
    "choices": ["わかりました。きを つけて ください", "おくれます", "おくれました", "わかりません"],
    "correctAnswer": 0,
    "audio": null
  },

  {
    "id": 21,
    "section": "conversation",
    "question": "A: この さぎょうは いつまでに おわらせれば いいですか。\nB: （＿＿＿＿）。",
    "choices": ["きんようびまでです", "きんようびです", "きんようびでした", "きんようびになります"],
    "correctAnswer": 0,
    "audio": null
  },
  {
    "id": 22,
    "section": "conversation",
    "question": "A: その けんは もう かくにん しましたか。\nB: （＿＿＿＿）。",
    "choices": ["はい、さきほど しました", "はい、します", "はい、でした", "はい、していますか"],
    "correctAnswer": 0,
    "audio": null
  },
  {
    "id": 23,
    "section": "conversation",
    "question": "A: なにか もんだいが あったら、すぐ れんらく してください。\nB: （＿＿＿＿）。",
    "choices": ["わかりました", "わかります", "わかりましたか", "わかる"],
    "correctAnswer": 0,
    "audio": null
  },
  {
    "id": 24,
    "section": "conversation",
    "question": "A: この あと、じかんは ありますか。\nB: （＿＿＿＿）。",
    "choices": ["はい、３０ぷん ぐらい あります", "はい、３０ぷんでした", "はい、３０ぷんですか", "はい、３０ぷんでしたか"],
    "correctAnswer": 0,
    "audio": null
  },
  {
    "id": 25,
    "section": "conversation",
    "question": "A: すこし きゅうけい しませんか。\nB: （＿＿＿＿）。",
    "choices": ["そうですね。そうしましょう", "そうですね。します", "そうですね。でした", "そうですね。して"],
    "correctAnswer": 0,
    "audio": null
  },

  {
    "id": 26,
    "section": "conversation",
    "question": "A: この しごとは ひとりで できますか。\nB: （＿＿＿＿）。",
    "choices": ["いいえ、チームで する ひつようが あります", "いいえ、します", "いいえ、できました", "いいえ、できますか"],
    "correctAnswer": 0,
    "audio": null
  },
  {
    "id": 27,
    "section": "conversation",
    "question": "A: じかんが ないので、いそいで ください。\nB: （＿＿＿＿）。",
    "choices": ["はい、わかりました", "はい、いそぎました", "はい、いそぎますか", "はい、いそいで"],
    "correctAnswer": 0,
    "audio": null
  },
  {
    "id": 28,
    "section": "conversation",
    "question": "A: きょうの さぎょうは ここまでに しましょう。\nB: （＿＿＿＿）。",
    "choices": ["はい、おつかれさまでした", "はい、つかれました", "はい、つかれます", "はい、つかれる"],
    "correctAnswer": 0,
    "audio": null
  },
  {
    "id": 29,
    "section": "conversation",
    "question": "A: あしたは あめらしいですね。\nB: （＿＿＿＿）。",
    "choices": ["そうですね。かさが ひつようですね", "そうですね。あめです", "そうですね。かさです", "そうですね。あめでした"],
    "correctAnswer": 0,
    "audio": null
  },
  {
    "id": 30,
    "section": "conversation",
    "question": "A: では、また あとで れんらく します。\nB: （＿＿＿＿）。",
    "choices": ["よろしく おねがいします", "よろしくでした", "よろしくしますか", "よろしくです"],
    "correctAnswer": 0,
    "audio": null
  },
  {
    "id": 31,
    "section": "listening",
    "question": "おとこのひとは なぜ きょう はやく いえを でましたか。",
    "choices": ["でんしゃが すいているから", "たいせつな かいぎが あるから", "あめが ふっているから", "ともだちに あうから"],
    "correctAnswer": 1,
    "audio": null,
    "script": "おんなのひと： きょうは はやいですね。\nおとこのひと： はい。９じから たいせつな かいぎが あるので、いつもより はやく でました。"
  },
  {
    "id": 32,
    "section": "listening",
    "question": "ふたりは このあと なにを しますか。",
    "choices": ["すぐ かいぎを はじめます", "しりょうの じゅんびを します", "ひるごはんを たべます", "いえに かえります"],
    "correctAnswer": 1,
    "audio": null,
    "script": "おとこのひと： かいぎは １０じからですね。\nおんなのひと： はい。その まえに しりょうを じゅんび しましょう。"
  },
  {
    "id": 33,
    "section": "listening",
    "question": "おんなのひとは なぜ びょういんへ いきますか。",
    "choices": ["けんこうしんだんの ため", "ともだちを みまうため", "からだの ちょうしが わるいから", "しごとを やすむため"],
    "correctAnswer": 2,
    "audio": null,
    "script": "おとこのひと： きょうは どうしましたか。\nおんなのひと： あたまが いたくて、からだの ちょうしが よく ないので びょういんへ いきます。"
  },
  {
    "id": 34,
    "section": "listening",
    "question": "ふたりは どこで ひるごはんを たべる よていですか。",
    "choices": ["レストラン", "しょくどう", "コンビニ", "いえ"],
    "correctAnswer": 1,
    "audio": null,
    "script": "おんなのひと： ひるごはんは どうしますか。\nおとこのひと： じかんが ないので、かいしゃの しょくどうで たべましょう。"
  },
  {
    "id": 35,
    "section": "listening",
    "question": "おとこのひとは なぜ かいしゃに のこりますか。",
    "choices": ["しごとが たのしいから", "ざんぎょうが あるから", "ともだちと あうから", "でんしゃが ないから"],
    "correctAnswer": 1,
    "audio": null,
    "script": "おんなのひと： きょうは もう かえりますか。\nおとこのひと： いいえ。すこし ざんぎょうが あるので、まだ のこります。"
  },
  {
    "id": 36,
    "section": "listening",
    "question": "おんなのひとは なにを しんぱい していますか。",
    "choices": ["てんき", "じかん", "しごとの ないよう", "からだの ちょうし"],
    "correctAnswer": 3,
    "audio": null,
    "script": "おとこのひと： だいじょうぶですか。\nおんなのひと： ちょっと ねつが あって、からだの ちょうしが しんぱいです。"
  },
  {
    "id": 37,
    "section": "listening",
    "question": "ふたりは なにを じゅんび していますか。",
    "choices": ["かいぎの しりょう", "りょこうの よてい", "イベントの ばしょ", "しょくじ"],
    "correctAnswer": 0,
    "audio": null,
    "script": "おんなのひと： あしたの かいぎの じゅんびは できましたか。\nおとこのひと： まだ なので、これから しりょうを まとめます。"
  },
  {
    "id": 38,
    "section": "listening",
    "question": "おとこのひとは いつ でんわを しますか。",
    "choices": ["いま", "きょう", "あした", "あとで"],
    "correctAnswer": 3,
    "audio": null,
    "script": "おんなのひと： その けんは どう なりましたか。\nおとこのひと： まだ なので、あとで でんわ します。"
  },
  {
    "id": 39,
    "section": "listening",
    "question": "ふたりは なぜ いそいで いますか。",
    "choices": ["じかんが ないから", "あめが ふるから", "でんしゃが ないから", "ひとが おおいから"],
    "correctAnswer": 0,
    "audio": null,
    "script": "おとこのひと： じかんが ありませんね。\nおんなのひと： ええ。はやく おわらせましょう。"
  },
  {
    "id": 40,
    "section": "listening",
    "question": "おんなのひとは なにを たのみましたか。",
    "choices": ["コーヒー", "おちゃ", "ジュース", "みず"],
    "correctAnswer": 0,
    "audio": null,
    "script": "みせのひと： なにに しますか。\nおんなのひと： コーヒーを おねがいします。"
  },
  {
    "id": 41,
    "section": "listening",
    "question": "ふたりは いつ あいますか。",
    "choices": ["きょう", "あした", "らいしゅう", "こんしゅう"],
    "correctAnswer": 2,
    "audio": null,
    "script": "おとこのひと： こんしゅうは いそがしいですね。\nおんなのひと： じゃあ、らいしゅう あいましょう。"
  },
  {
    "id": 42,
    "section": "listening",
    "question": "おとこのひとは なぜ タクシーを つかいましたか。",
    "choices": ["あめが つよかったから", "じかんが なかったから", "つかれたから", "でんしゃが すいていたから"],
    "correctAnswer": 1,
    "audio": null,
    "script": "おんなのひと： きょうは タクシーだったんですね。\nおとこのひと： はい。じかんが なかったので つかいました。"
  },
  {
    "id": 43,
    "section": "listening",
    "question": "おんなのひとは なにを わすれましたか。",
    "choices": ["かさ", "スマートフォン", "しりょう", "さいふ"],
    "correctAnswer": 0,
    "audio": null,
    "script": "おんなのひと： あ、かさを わすれて しまいました。\nおとこのひと： え、あめなのに たいへんですね。"
  },
  {
    "id": 44,
    "section": "listening",
    "question": "ふたりは なにを そうだん していますか。",
    "choices": ["しごとの すすめかた", "りょこうの よてい", "しょくじ", "てんき"],
    "correctAnswer": 0,
    "audio": null,
    "script": "おとこのひと： この しごと、どう すすめますか。\nおんなのひと： じゃあ、いちど そうだん しましょう。"
  },
  {
    "id": 45,
    "section": "listening",
    "question": "おとこのひとは いつ かえりますか。",
    "choices": ["すぐ", "よる", "まだ わからない", "あした"],
    "correctAnswer": 2,
    "audio": null,
    "script": "おんなのひと： なんじごろ かえりますか。\nおとこのひと： まだ わかりません。"
  },
  {
    "id": 46,
    "section": "reading",
    "question": "【メール】\n\nさとうさん\n\nあしたの かいぎは よていどおり １０じから はじまります。\nばしょは ３かいの かいぎしつです。\nかいぎの あと、しりょうの せいりを する よていです。\n\nしつもん：かいぎの あと、なにを しますか。",
    "choices": ["いえに かえります", "しりょうを せいりします", "ひるごはんを たべます", "べつの かいぎが あります"],
    "correctAnswer": 1,
    "audio": null
  },
  {
    "id": 47,
    "section": "reading",
    "question": "【おしらせ】\n\nらいしゅうの げつようびは、\nせつび てんけんの ため、\nごぜん９じから ごご２じまで エレベーターが つかえません。\n\nしつもん：いつ エレベーターが つかえませんか。",
    "choices": ["ごぜん９じから ごご２じまで", "ごぜん９じから ごご４じまで", "ごご２じから よるまで", "いちにちじゅう"],
    "correctAnswer": 0,
    "audio": null
  },
  {
    "id": 48,
    "section": "reading",
    "question": "【メモ】\n\nきょうは ざんぎょうに なりそうです。\nさきに かえって、ゆうしょくを たべて いて ください。\n\nしつもん：なぜ さきに たべて ほしいですか。",
    "choices": ["いっしょに たべたいから", "かえりが おそく なるから", "りょうりを つくりたいから", "そとで たべたいから"],
    "correctAnswer": 1,
    "audio": null
  },
  {
    "id": 49,
    "section": "reading",
    "question": "【メール】\n\nあしたは てんきが わるい よほうです。\nひつような ばあいは、ざんぎょうを へらします。\n\nしつもん：あした どう しますか。",
    "choices": ["ざんぎょうを ふやします", "ざんぎょうを へらします", "やすみます", "りょこうします"],
    "correctAnswer": 1,
    "audio": null
  },
  {
    "id": 50,
    "section": "reading",
    "question": "【おしらせ】\n\nこの へやは きけんです。\nはいらないで ください。\n\nしつもん：どう しなければ なりませんか。",
    "choices": ["はいっても いい", "はいっては いけない", "みても いい", "まっても いい"],
    "correctAnswer": 1,
    "audio": null
  },
  {
    "id": 51,
    "section": "reading",
    "question": "【メール】\n\nきのうは てつだって くれて ありがとう。\nおかげで はやく おわりました。\n\nしつもん：この ひとの きもちは どれですか。",
    "choices": ["かなしい", "こわい", "かんしゃしている", "いそいでいる"],
    "correctAnswer": 2,
    "audio": null
  },
  {
    "id": 52,
    "section": "reading",
    "question": "【メモ】\n\nあさ９じに しゅうごう。\n１０じから かいぎ。\n\nしつもん：かいぎは なんじからですか。",
    "choices": ["９じ", "１０じ", "１１じ", "ひる"],
    "correctAnswer": 1,
    "audio": null
  },
  {
    "id": 53,
    "section": "reading",
    "question": "【おしらせ】\n\nあしたは あめの よほうです。\nあしもとに ちゅうい して ください。\n\nしつもん：なにに ちゅうい しますか。",
    "choices": ["てんき", "あしもと", "じかん", "でんしゃ"],
    "correctAnswer": 1,
    "audio": null
  },
  {
    "id": 54,
    "section": "reading",
    "question": "【メール】\n\nらいしゅうの かいぎは えんきに なりました。\nあたらしい ひは あとで れんらく します。\n\nしつもん：いま わかって いる ことは どれですか。",
    "choices": ["かいぎは あります", "かいぎは えんきです", "ひが きまっています", "ばしょが かわりました"],
    "correctAnswer": 1,
    "audio": null
  },
  {
    "id": 55,
    "section": "reading",
    "question": "【メモ】\n\nこの しりょうは だいじです。\nなくさないで ください。\n\nしつもん：どう しなければ なりませんか。",
    "choices": ["なくしても いい", "なくしては いけない", "あげても いい", "つかっては いけない"],
    "correctAnswer": 1,
    "audio": null
  },
  {
    "id": 56,
    "section": "reading",
    "question": "【おしらせ】\n\nごみは あさ８じまでに だして ください。\n\nしつもん：いつまでに だしますか。",
    "choices": ["７じ", "８じ", "９じ", "ひる"],
    "correctAnswer": 1,
    "audio": null
  },
  {
    "id": 57,
    "section": "reading",
    "question": "【メール】\n\nあしたは かいしゃを やすみます。\nびょういんへ いく よていです。\n\nしつもん：なぜ やすみますか。",
    "choices": ["りょこうの ため", "びょういんへ いく ため", "ひまだから", "てんきが わるいから"],
    "correctAnswer": 1,
    "audio": null
  },
  {
    "id": 58,
    "section": "reading",
    "question": "【おしらせ】\n\nこの へやは かいぎちゅうです。\nあとで はいって ください。\n\nしつもん：いま どう しますか。",
    "choices": ["はいります", "まちます", "でます", "でんわします"],
    "correctAnswer": 1,
    "audio": null
  },
  {
    "id": 59,
    "section": "reading",
    "question": "【メール】\n\nしごとが おわったら、すぐ れんらく します。\n\nしつもん：いつ れんらく しますか。",
    "choices": ["いま", "あとで", "しごとの あと", "あした"],
    "correctAnswer": 2,
    "audio": null
  },
  {
    "id": 60,
    "section": "reading",
    "question": "【おしらせ】\n\nこの みせは ごぜん９じから ごご６じまでです。\n\nしつもん：なんじから あいていますか。",
    "choices": ["６じ", "７じ", "８じ", "９じ"],
    "correctAnswer": 3,
    "audio": null
  }
]
