[
  { "No": 1, "Kanji": "魚", "Hiragana": "さかな", "Arti": "ikan" },
  { "No": 2, "Kanji": "肉", "Hiragana": "にく", "Arti": "daging" },
  { "No": 3, "Kanji": "卵", "Hiragana": "たまご", "Arti": "telur" },
  { "No": 4, "Kanji": "水", "Hiragana": "みず", "Arti": "air" },
  { "No": 5, "Kanji": "食べます", "Hiragana": "たべます", "Arti": "makan" },
  { "No": 6, "Kanji": "飲みます", "Hiragana": "のみます", "Arti": "minum" },
  { "No": 7, "Kanji": "大きい", "Hiragana": "おおきい", "Arti": "besar" },
  { "No": 8, "Kanji": "小さい", "Hiragana": "ちいさい", "Arti": "kecil" },
  { "No": 9, "Kanji": "新しい", "Hiragana": "あたらしい", "Arti": "baru" },
  { "No": 10, "Kanji": "古い", "Hiragana": "ふるい", "Arti": "lama, usang" },
  { "No": 11, "Kanji": "～時", "Hiragana": "～じ", "Arti": "jam" },
  { "No": 12, "Kanji": "～分", "Hiragana": "～ふん、ぷん、ぶん", "Arti": "menit" },
  { "No": 13, "Kanji": "～半", "Hiragana": "～はん", "Arti": "setengah" },
  { "No": 14, "Kanji": "月曜日", "Hiragana": "げつようび", "Arti": "Senin" },
  { "No": 15, "Kanji": "火曜日", "Hiragana": "かようび", "Arti": "Selasa" },
  { "No": 16, "Kanji": "水曜日", "Hiragana": "すいようび", "Arti": "Rabu" },
  { "No": 17, "Kanji": "木曜日", "Hiragana": "もくようび", "Arti": "Kamis" },
  { "No": 18, "Kanji": "金曜日", "Hiragana": "きんようび", "Arti": "Jumat" },
  { "No": 19, "Kanji": "土曜日", "Hiragana": "どようび", "Arti": "Sabtu" },
  { "No": 20, "Kanji": "日曜日", "Hiragana": "にちようび", "Arti": "Minggu" },
  { "No": 21, "Kanji": "言います", "Hiragana": "いいます", "Arti": "berkata" },
  { "No": 22, "Kanji": "話します", "Hiragana": "はなします", "Arti": "berbicara" },
  { "No": 23, "Kanji": "読みます", "Hiragana": "よみます", "Arti": "membaca" },
  { "No": 24, "Kanji": "見ます", "Hiragana": "みます", "Arti": "melihat" },
  { "No": 25, "Kanji": "聞きます", "Hiragana": "ききます", "Arti": "mendengarkan" },
  { "No": 26, "Kanji": "書きます", "Hiragana": "かきます", "Arti": "menulis" },
  { "No": 27, "Kanji": "一", "Hiragana": "いち", "Arti": "satu" },
  { "No": 28, "Kanji": "二", "Hiragana": "に", "Arti": "dua" },
  { "No": 29, "Kanji": "三", "Hiragana": "さん", "Arti": "tiga" },
  { "No": 30, "Kanji": "四", "Hiragana": "よん、し", "Arti": "empat" },
  { "No": 31, "Kanji": "五", "Hiragana": "ご", "Arti": "lima" },
  { "No": 32, "Kanji": "六", "Hiragana": "ろく", "Arti": "enam" },
  { "No": 33, "Kanji": "七", "Hiragana": "なな、しち", "Arti": "tujuh" },
  { "No": 34, "Kanji": "八", "Hiragana": "はち", "Arti": "delapan" },
  { "No": 35, "Kanji": "九", "Hiragana": "きゅう", "Arti": "sembilan" },
  { "No": 36, "Kanji": "十", "Hiragana": "じゅう", "Arti": "sepuluh" },
  { "No": 37, "Kanji": "～年", "Hiragana": "～ねん", "Arti": "tahun" },
  { "No": 38, "Kanji": "～月", "Hiragana": "～がつ", "Arti": "bulan" },
  { "No": 39, "Kanji": "～日", "Hiragana": "～にち", "Arti": "tanggal" },
  { "No": 40, "Kanji": "東", "Hiragana": "ひがし", "Arti": "timur" },
  { "No": 41, "Kanji": "西", "Hiragana": "にし", "Arti": "barat" },
  { "No": 42, "Kanji": "南", "Hiragana": "みなみ", "Arti": "selatan" },
  { "No": 43, "Kanji": "北", "Hiragana": "きた", "Arti": "utara" },
  { "No": 44, "Kanji": "～口", "Hiragana": "～ぐち", "Arti": "pintu" },
  { "No": 45, "Kanji": "東口", "Hiragana": "ひがしぐち", "Arti": "pintu timur" },
  { "No": 46, "Kanji": "西口", "Hiragana": "にしぐち", "Arti": "pintu barat" },
  { "No": 47, "Kanji": "南口", "Hiragana": "みなみぐち", "Arti": "pintu selatan" },
  { "No": 48, "Kanji": "北口", "Hiragana": "きたぐち", "Arti": "pintu utara" },
  { "No": 49, "Kanji": "買います", "Hiragana": "かいます", "Arti": "membeli" },
  { "No": 50, "Kanji": "買い物", "Hiragana": "かいもの", "Arti": "belanja" },
  { "No": 51, "Kanji": "お金", "Hiragana": "おかね", "Arti": "uang" },
  { "No": 52, "Kanji": "～円", "Hiragana": "～えん", "Arti": "yen" },
  { "No": 53, "Kanji": "百", "Hiragana": "ひゃく", "Arti": "seratus" },
  { "No": 54, "Kanji": "千", "Hiragana": "せん", "Arti": "seribu" },
  { "No": 55, "Kanji": "万", "Hiragana": "まん", "Arti": "sepuluh ribu" },
  { "No": 56, "Kanji": "百円", "Hiragana": "ひゃくえん", "Arti": "100 yen" },
  { "No": 57, "Kanji": "千円", "Hiragana": "せんえん", "Arti": "1000 yen" },
  { "No": 58, "Kanji": "一万円", "Hiragana": "いちまんえん", "Arti": "10000 yen" },
  { "No": 59, "Kanji": "行きます", "Hiragana": "いきます", "Arti": "pergi" },
  { "No": 60, "Kanji": "来ます", "Hiragana": "きます", "Arti": "datang" },
  { "No": 61, "Kanji": "会います", "Hiragana": "あいます", "Arti": "bertemu" },
  { "No": 62, "Kanji": "休みます", "Hiragana": "やすみます", "Arti": "libur, istirahat" },
  { "No": 63, "Kanji": "日本", "Hiragana": "にほん", "Arti": "Jepang" },
  { "No": 64, "Kanji": "東京", "Hiragana": "とうきょう", "Arti": "Tokyo" },
  { "No": 65, "Kanji": "私", "Hiragana": "わたし", "Arti": "saya" },
  { "No": 66, "Kanji": "父", "Hiragana": "ちち", "Arti": "ayah (sendiri)" },
  { "No": 67, "Kanji": "母", "Hiragana": "はは", "Arti": "ibu (sendiri)" },
  { "No": 68, "Kanji": "子供", "Hiragana": "こども", "Arti": "anak" },
  { "No": 69, "Kanji": "男", "Hiragana": "おとこ", "Arti": "laki-laki" },
  { "No": 70, "Kanji": "女", "Hiragana": "おんな", "Arti": "perempuan" },
  { "No": 71, "Kanji": "人", "Hiragana": "ひと", "Arti": "orang" },
  { "No": 72, "Kanji": "お父さん", "Hiragana": "おとうさん", "Arti": "ayah (orang lain)" },
  { "No": 73, "Kanji": "お母さん", "Hiragana": "おかあさん", "Arti": "ibu (orang lain)" },
  { "No": 74, "Kanji": "何人", "Hiragana": "なんにん", "Arti": "berapa orang" },
  { "No": 75, "Kanji": "国", "Hiragana": "くに", "Arti": "negara" },
  { "No": 76, "Kanji": "外国", "Hiragana": "がいこく", "Arti": "luar negeri" },
  { "No": 77, "Kanji": "～語", "Hiragana": "～ご", "Arti": "bahasa" },
  { "No": 78, "Kanji": "日本語", "Hiragana": "にほんご", "Arti": "bahasa Jepang" },
  { "No": 79, "Kanji": "英語", "Hiragana": "えいご", "Arti": "bahasa Inggris" },
  { "No": 80, "Kanji": "中国語", "Hiragana": "ちゅうごくご", "Arti": "bahasa China" },
  { "No": 81, "Kanji": "～人", "Hiragana": "～じん／～にん", "Arti": "orang" },
  { "No": 82, "Kanji": "日本人", "Hiragana": "にほんじん", "Arti": "orang Jepang" },
  { "No": 83, "Kanji": "好き", "Hiragana": "すき", "Arti": "suka" },
  { "No": 84, "Kanji": "本", "Hiragana": "ほん", "Arti": "buku" },
  { "No": 85, "Kanji": "読書", "Hiragana": "どくしょ", "Arti": "bacaan" },
  { "No": 86, "Kanji": "何", "Hiragana": "なに", "Arti": "apa" },
  { "No": 87, "Kanji": "春", "Hiragana": "はる", "Arti": "musim semi" },
  { "No": 88, "Kanji": "夏", "Hiragana": "なつ", "Arti": "musim panas" },
  { "No": 89, "Kanji": "秋", "Hiragana": "あき", "Arti": "musim gugur" },
  { "No": 90, "Kanji": "冬", "Hiragana": "ふゆ", "Arti": "musim dingin" },
  { "No": 91, "Kanji": "今", "Hiragana": "いま", "Arti": "sekarang" },
  { "No": 92, "Kanji": "花", "Hiragana": "はな", "Arti": "bunga" },
  { "No": 93, "Kanji": "海", "Hiragana": "うみ", "Arti": "laut" },
  { "No": 94, "Kanji": "山", "Hiragana": "やま", "Arti": "gunung" },
  { "No": 95, "Kanji": "川", "Hiragana": "かわ", "Arti": "sungai" },
  { "No": 96, "Kanji": "今日", "Hiragana": "きょう", "Arti": "hari ini" },
  { "No": 97, "Kanji": "天気", "Hiragana": "てんき", "Arti": "cuaca" },
  { "No": 98, "Kanji": "晴れ", "Hiragana": "はれ", "Arti": "cerah" },
  { "No": 99, "Kanji": "雨", "Hiragana": "あめ", "Arti": "hujan" },
  { "No": 100, "Kanji": "雪", "Hiragana": "ゆき", "Arti": "salju" },
  { "No": 101, "Kanji": "雲", "Hiragana": "くも", "Arti": "mendung" },
  { "No": 102, "Kanji": "風", "Hiragana": "かぜ", "Arti": "angin" },
  { "No": 103, "Kanji": "空", "Hiragana": "そら", "Arti": "langit" },
  { "No": 104, "Kanji": "町", "Hiragana": "まち", "Arti": "kota" },
  { "No": 105, "Kanji": "店", "Hiragana": "みせ", "Arti": "toko" },
  { "No": 106, "Kanji": "人気", "Hiragana": "にんき", "Arti": "popularitas, ketenaran" },
  { "No": 107, "Kanji": "多い", "Hiragana": "おおい", "Arti": "banyak" },
  { "No": 108, "Kanji": "少ない", "Hiragana": "すくない", "Arti": "sedikit" },
  { "No": 109, "Kanji": "高い", "Hiragana": "たかい", "Arti": "mahal" },
  { "No": 110, "Kanji": "安い", "Hiragana": "やすい", "Arti": "murah" },
  { "No": 111, "Kanji": "広い", "Hiragana": "ひろい", "Arti": "luas" },
  { "No": 112, "Kanji": "道", "Hiragana": "みち", "Arti": "jalan" },
  { "No": 113, "Kanji": "通り", "Hiragana": "とおり", "Arti": "jalan" },
  { "No": 114, "Kanji": "右", "Hiragana": "みぎ", "Arti": "kanan" },
  { "No": 115, "Kanji": "左", "Hiragana": "ひだり", "Arti": "kiri" },
  { "No": 116, "Kanji": "一つ", "Hiragana": "ひとつ", "Arti": "satu buah" },
  { "No": 117, "Kanji": "二つ", "Hiragana": "ふたつ", "Arti": "dua buah" },
  { "No": 118, "Kanji": "赤い", "Hiragana": "あかい", "Arti": "merah" },
  { "No": 119, "Kanji": "青い", "Hiragana": "あおい", "Arti": "biru" },
  { "No": 120, "Kanji": "黒い", "Hiragana": "くろい", "Arti": "hitam" },
  { "No": 121, "Kanji": "白い", "Hiragana": "しろい", "Arti": "putih" },
  { "No": 122, "Kanji": "時間", "Hiragana": "じかん", "Arti": "waktu" },
  { "No": 123, "Kanji": "場所", "Hiragana": "ばしょ", "Arti": "tempat" },
  { "No": 124, "Kanji": "駅", "Hiragana": "えき", "Arti": "stasiun" },
  { "No": 125, "Kanji": "日", "Hiragana": "ひ", "Arti": "matahari" },
  { "No": 126, "Kanji": "出かけます", "Hiragana": "でかけます", "Arti": "pergi keluar rumah" },
  { "No": 127, "Kanji": "待ちます", "Hiragana": "まちます", "Arti": "menunggu" },
  { "No": 128, "Kanji": "止まります", "Hiragana": "とまります", "Arti": "berhenti" },
  { "No": 129, "Kanji": "食事", "Hiragana": "しょくじ", "Arti": "makan bersama" },
  { "No": 130, "Kanji": "仕事", "Hiragana": "しごと", "Arti": "pekerjaan" },
  { "No": 131, "Kanji": "前", "Hiragana": "まえ", "Arti": "sebelum" },
  { "No": 132, "Kanji": "後", "Hiragana": "あと", "Arti": "setelah" },
  { "No": 133, "Kanji": "朝", "Hiragana": "あさ", "Arti": "pagi" },
  { "No": 134, "Kanji": "昼", "Hiragana": "ひる", "Arti": "siang" },
  { "No": 135, "Kanji": "夜", "Hiragana": "よる", "Arti": "malam" },
  { "No": 136, "Kanji": "乗ります", "Hiragana": "のります", "Arti": "naik" },
  { "No": 137, "Kanji": "学校", "Hiragana": "がっこう", "Arti": "sekolah" },
  { "No": 138, "Kanji": "小学校", "Hiragana": "しょうがっこう", "Arti": "sekolah dasar" },
  { "No": 139, "Kanji": "中学校", "Hiragana": "ちゅうがっこう", "Arti": "sekolah menengah pertama" },
  { "No": 140, "Kanji": "高校", "Hiragana": "こうこう", "Arti": "sekolah menengah atas" },
  { "No": 141, "Kanji": "大学", "Hiragana": "だいがく", "Arti": "universitas" },
  { "No": 142, "Kanji": "先生", "Hiragana": "せんせい", "Arti": "guru" },
  { "No": 143, "Kanji": "学生", "Hiragana": "がくせい", "Arti": "murid, siswa" },
  { "No": 144, "Kanji": "～年生", "Hiragana": "～ねんせい", "Arti": "kelas" },
  { "No": 145, "Kanji": "勉強", "Hiragana": "べんきょう", "Arti": "pelajaran" },
  { "No": 146, "Kanji": "文化", "Hiragana": "ぶんか", "Arti": "kebudayaan" },
  { "No": 147, "Kanji": "音楽", "Hiragana": "おんがく", "Arti": "musik" },
  { "No": 148, "Kanji": "旅行", "Hiragana": "りょこう", "Arti": "wisata" },
  { "No": 149, "Kanji": "留学", "Hiragana": "りゅうがく", "Arti": "belajar di luar negeri" },
  { "No": 150, "Kanji": "友達", "Hiragana": "ともだち", "Arti": "teman" },
  { "No": 151, "Kanji": "楽しい", "Hiragana": "たのしい", "Arti": "gembira" },
  { "No": 152, "Kanji": "週", "Hiragana": "しゅう", "Arti": "minggu" },
  { "No": 153, "Kanji": "～回", "Hiragana": "～かい", "Arti": "kali" },
  { "No": 154, "Kanji": "食べ物", "Hiragana": "たべもの", "Arti": "makanan" },
  { "No": 155, "Kanji": "飲み物", "Hiragana": "のみもの", "Arti": "minuman" },
  { "No": 156, "Kanji": "お茶", "Hiragana": "おちゃ", "Arti": "teh hijau" },
  { "No": 157, "Kanji": "お酒", "Hiragana": "おさけ", "Arti": "sake" },
  { "No": 158, "Kanji": "作ります", "Hiragana": "つくります", "Arti": "membuat" },
  { "No": 159, "Kanji": "持っていきます", "Hiragana": "もっていきます", "Arti": "membawa pergi" },
  { "No": 160, "Kanji": "お願いします", "Hiragana": "おねがいします", "Arti": "tolong" },
  { "No": 161, "Kanji": "料理", "Hiragana": "りょうり", "Arti": "masakan" },
  { "No": 162, "Kanji": "味", "Hiragana": "あじ", "Arti": "rasa" },
  { "No": 163, "Kanji": "色", "Hiragana": "いろ", "Arti": "warna" },
  { "No": 164, "Kanji": "野菜", "Hiragana": "やさい", "Arti": "sayuran" },
  { "No": 165, "Kanji": "少し", "Hiragana": "すこし", "Arti": "sedikit" },
  { "No": 166, "Kanji": "中", "Hiragana": "なか", "Arti": "dalam" },
  { "No": 167, "Kanji": "入っています", "Hiragana": "はいっています", "Arti": "masuk" },
  { "No": 168, "Kanji": "会社", "Hiragana": "かいしゃ", "Arti": "perusahaan" },
  { "No": 169, "Kanji": "本社", "Hiragana": "ほんしゃ", "Arti": "kantor pusat" },
  { "No": 170, "Kanji": "支社", "Hiragana": "ししゃ", "Arti": "kantor cabang" },
  { "No": 171, "Kanji": "出張", "Hiragana": "しゅっちょう", "Arti": "dinas luar kota" },
  { "No": 172, "Kanji": "空港", "Hiragana": "くうこう", "Arti": "bandara" },
  { "No": 173, "Kanji": "出発", "Hiragana": "しゅっぱつ", "Arti": "keberangkatan" },
  { "No": 174, "Kanji": "到着", "Hiragana": "とうちゃく", "Arti": "kedatangan" },
  { "No": 175, "Kanji": "午前", "Hiragana": "ごぜん", "Arti": "AM" },
  { "No": 176, "Kanji": "午後", "Hiragana": "ごご", "Arti": "PM" },
  { "No": 177, "Kanji": "自分", "Hiragana": "じぶん", "Arti": "sendiri" },
  { "No": 178, "Kanji": "電話", "Hiragana": "でんわ", "Arti": "telepon" },
  { "No": 179, "Kanji": "電気", "Hiragana": "でんき", "Arti": "listrik" },
  { "No": 180, "Kanji": "電車", "Hiragana": "でんしゃ", "Arti": "kereta" },
  { "No": 181, "Kanji": "車", "Hiragana": "くるま", "Arti": "mobil" },
  { "No": 182, "Kanji": "送ります", "Hiragana": "おくります", "Arti": "mengirim" },
  { "No": 183, "Kanji": "使います", "Hiragana": "つかいます", "Arti": "menggunakan" },
  { "No": 184, "Kanji": "借ります", "Hiragana": "かります", "Arti": "meminjam" },
  { "No": 185, "Kanji": "体", "Hiragana": "からだ", "Arti": "badan" },
  { "No": 186, "Kanji": "頭", "Hiragana": "あたま", "Arti": "kepala" },
  { "No": 187, "Kanji": "目", "Hiragana": "め", "Arti": "mata" },
  { "No": 188, "Kanji": "口", "Hiragana": "くち", "Arti": "mulut" },
  { "No": 189, "Kanji": "耳", "Hiragana": "みみ", "Arti": "telinga" },
  { "No": 190, "Kanji": "手", "Hiragana": "て", "Arti": "tangan" },
  { "No": 191, "Kanji": "足", "Hiragana": "あし", "Arti": "kaki" },
  { "No": 192, "Kanji": "上", "Hiragana": "うえ", "Arti": "atas" },
  { "No": 193, "Kanji": "下", "Hiragana": "した", "Arti": "bawah" },
  { "No": 194, "Kanji": "毎～", "Hiragana": "まい～", "Arti": "setiap" },
  { "No": 195, "Kanji": "毎朝", "Hiragana": "まいあさ", "Arti": "setiap pagi" },
  { "No": 196, "Kanji": "毎日", "Hiragana": "まいにち", "Arti": "setiap hari" },
  { "No": 197, "Kanji": "週末", "Hiragana": "しゅうまつ", "Arti": "akhir pekan" },
  { "No": 198, "Kanji": "元気", "Hiragana": "げんき", "Arti": "sehat" },
  { "No": 199, "Kanji": "外", "Hiragana": "そと", "Arti": "luar" },
  { "No": 200, "Kanji": "起きます", "Hiragana": "おきます", "Arti": "bangun tidur" },
  { "No": 201, "Kanji": "歩きます", "Hiragana": "あるきます", "Arti": "berjalan" },
  { "No": 202, "Kanji": "走ります", "Hiragana": "はしります", "Arti": "berlari" },
  { "No": 203, "Kanji": "泳ぎます", "Hiragana": "およぎます", "Arti": "berenang" },
  { "No": 204, "Kanji": "お祝い", "Hiragana": "おいわい", "Arti": "perayaan" },
  { "No": 205, "Kanji": "誕生日", "Hiragana": "たんじょうび", "Arti": "ulang tahun" },
  { "No": 206, "Kanji": "結婚", "Hiragana": "けっこん", "Arti": "pernikahan" },
  { "No": 207, "Kanji": "絵", "Hiragana": "え", "Arti": "gambar, lukisan" },
  { "No": 208, "Kanji": "写真", "Hiragana": "しゃしん", "Arti": "foto" },
  { "No": 209, "Kanji": "時計", "Hiragana": "とけい", "Arti": "jam" },
  { "No": 210, "Kanji": "着ます", "Hiragana": "きます", "Arti": "memakai pakaian" },
  { "No": 211, "Kanji": "先～", "Hiragana": "せん～", "Arti": "lalu" },
  { "No": 212, "Kanji": "先週", "Hiragana": "せんしゅう", "Arti": "minggu lalu" },
  { "No": 213, "Kanji": "今月", "Hiragana": "こんげつ", "Arti": "bulan ini" },
  { "No": 214, "Kanji": "来年", "Hiragana": "らいねん", "Arti": "tahun depan" },
  { "No": 215, "Kanji": "今年", "Hiragana": "ことし", "Arti": "tahun ini" },
  { "No": 216, "Kanji": "去年", "Hiragana": "きょねん", "Arti": "tahun lalu" },
  { "No": 217, "Kanji": "家", "Hiragana": "いえ", "Arti": "rumah" },
  { "No": 218, "Kanji": "思います", "Hiragana": "おもいます", "Arti": "mengira" },
  { "No": 219, "Kanji": "自己紹介", "Hiragana": "じこしょうかい", "Arti": "perkenalan" },
  { "No": 220, "Kanji": "名前", "Hiragana": "なまえ", "Arti": "nama" },
  { "No": 221, "Kanji": "意味", "Hiragana": "いみ", "Arti": "arti" },
  { "No": 222, "Kanji": "本屋", "Hiragana": "ほんや", "Arti": "toko buku" },
  { "No": 223, "Kanji": "近く", "Hiragana": "ちかく", "Arti": "dekat" },
  { "No": 224, "Kanji": "住みます", "Hiragana": "すみます", "Arti": "tinggal" },
  { "No": 225, "Kanji": "働きます", "Hiragana": "はたらきます", "Arti": "bekerja" },
  { "No": 226, "Kanji": "～番目", "Hiragana": "～ばんめ", "Arti": "urutan ke-" },
  { "No": 227, "Kanji": "兄", "Hiragana": "あに", "Arti": "kakak laki-laki (sendiri)" },
  { "No": 228, "Kanji": "お兄さん", "Hiragana": "おにいさん", "Arti": "kakak laki-laki (orang lain)" },
  { "No": 229, "Kanji": "姉", "Hiragana": "あね", "Arti": "kakak perempuan (sendiri)" },
  { "No": 230, "Kanji": "お姉さん", "Hiragana": "おねえさん", "Arti": "kakak perempuan (orang lain)" },
  { "No": 231, "Kanji": "弟", "Hiragana": "おとうと", "Arti": "adik laki-laki" },
  { "No": 232, "Kanji": "妹", "Hiragana": "いもうと", "Arti": "adik perempuan" },
  { "No": 233, "Kanji": "家族", "Hiragana": "かぞく", "Arti": "keluarga" },
  { "No": 234, "Kanji": "長い", "Hiragana": "ながい", "Arti": "panjang" },
  { "No": 235, "Kanji": "短い", "Hiragana": "みじかい", "Arti": "pendek" },
  { "No": 236, "Kanji": "低い", "Hiragana": "ひくい", "Arti": "rendah" },
  { "No": 237, "Kanji": "上手", "Hiragana": "じょうず", "Arti": "pandai" },
  { "No": 238, "Kanji": "歌", "Hiragana": "うた", "Arti": "lagu" },
  { "No": 239, "Kanji": "歌います", "Hiragana": "うたいます", "Arti": "menyanyi" },
  { "No": 240, "Kanji": "客", "Hiragana": "きゃく", "Arti": "tamu" },
  { "No": 241, "Kanji": "注文", "Hiragana": "ちゅうもん", "Arti": "pesanan" },
  { "No": 242, "Kanji": "洋食", "Hiragana": "ようしょく", "Arti": "makanan barat" },
  { "No": 243, "Kanji": "和食", "Hiragana": "わしょく", "Arti": "makanan Jepang" },
  { "No": 244, "Kanji": "牛肉", "Hiragana": "ぎゅうにく", "Arti": "daging sapi" },
  { "No": 245, "Kanji": "地方", "Hiragana": "ちほう", "Arti": "daerah, wilayah" },
  { "No": 246, "Kanji": "有名", "Hiragana": "ゆうめい", "Arti": "terkenal" },
  { "No": 247, "Kanji": "生", "Hiragana": "なま", "Arti": "mentah" },
  { "No": 248, "Kanji": "冷たい", "Hiragana": "つめたい", "Arti": "dingin (benda)" },
  { "No": 249, "Kanji": "ご飯", "Hiragana": "ごはん", "Arti": "nasi" },
  { "No": 250, "Kanji": "塩", "Hiragana": "しお", "Arti": "garam" },
  { "No": 251, "Kanji": "全部", "Hiragana": "ぜんぶ", "Arti": "semua" },
  { "No": 252, "Kanji": "～方", "Hiragana": "～かた", "Arti": "cara" },
  { "No": 253, "Kanji": "食べ方", "Hiragana": "たべかた", "Arti": "cara makan" },
  { "No": 254, "Kanji": "熱い", "Hiragana": "あつい", "Arti": "panas" },
  { "No": 255, "Kanji": "苦手", "Hiragana": "にがて", "Arti": "tidak begitu suka, berat" },
  { "No": 256, "Kanji": "入れます", "Hiragana": "いれます", "Arti": "memasukkan" },
  { "No": 257, "Kanji": "木", "Hiragana": "き", "Arti": "pohon" },
  { "No": 258, "Kanji": "森", "Hiragana": "もり", "Arti": "hutan" },
  { "No": 259, "Kanji": "島", "Hiragana": "しま", "Arti": "pulau" },
  { "No": 260, "Kanji": "自然", "Hiragana": "しぜん", "Arti": "alam" },
  { "No": 261, "Kanji": "船", "Hiragana": "ふね", "Arti": "kapal" },
  { "No": 262, "Kanji": "暑い", "Hiragana": "あつい", "Arti": "panas (cuaca)" },
  { "No": 263, "Kanji": "帰ります", "Hiragana": "かえります", "Arti": "pulang" },
  { "No": 264, "Kanji": "予約します", "Hiragana": "よやくします", "Arti": "memesan" },
  { "No": 265, "Kanji": "運転します", "Hiragana": "うんてんします", "Arti": "menyetir" },
  { "No": 266, "Kanji": "～中", "Hiragana": "～ちゅう／～じゅう", "Arti": "sedang, dalam" },
  { "No": 267, "Kanji": "旅行中", "Hiragana": "りょこうちゅう", "Arti": "sedang wisata" },
  { "No": 268, "Kanji": "観光地", "Hiragana": "かんこうち", "Arti": "tempat wisata" },
  { "No": 269, "Kanji": "女性", "Hiragana": "じょせい", "Arti": "wanita" },
  { "No": 270, "Kanji": "男性", "Hiragana": "だんせい", "Arti": "pria" },
  { "No": 271, "Kanji": "動物", "Hiragana": "どうぶつ", "Arti": "hewan" },
  { "No": 272, "Kanji": "空気", "Hiragana": "くうき", "Arti": "udara" },
  { "No": 273, "Kanji": "料金", "Hiragana": "りょうきん", "Arti": "biaya, tarif" },
  { "No": 274, "Kanji": "無料", "Hiragana": "むりょう", "Arti": "gratis" },
  { "No": 275, "Kanji": "明るい", "Hiragana": "あかるい", "Arti": "terang" },
  { "No": 276, "Kanji": "便利", "Hiragana": "べんり", "Arti": "praktis" },
  { "No": 277, "Kanji": "一年中", "Hiragana": "いちねんじゅう", "Arti": "sepanjang tahun" },
  { "No": 278, "Kanji": "受付", "Hiragana": "うけつけ", "Arti": "resepsionis" },
  { "No": 279, "Kanji": "広場", "Hiragana": "ひろば", "Arti": "lapangan" },
  { "No": 280, "Kanji": "問題", "Hiragana": "もんだい", "Arti": "masalah" },
  { "No": 281, "Kanji": "同じ", "Hiragana": "おなじ", "Arti": "sama" },
  { "No": 282, "Kanji": "集まります", "Hiragana": "あつまります", "Arti": "berkumpul" },
  { "No": 283, "Kanji": "始まります", "Hiragana": "はじまります", "Arti": "mulai" },
  { "No": 284, "Kanji": "終わります", "Hiragana": "おわります", "Arti": "selesai" },
  { "No": 285, "Kanji": "中止します", "Hiragana": "ちゅうしします", "Arti": "membatalkan" },
  { "No": 286, "Kanji": "教えます", "Hiragana": "おしえます", "Arti": "memberitahu" },
  { "No": 287, "Kanji": "祭り", "Hiragana": "まつり", "Arti": "perayaan" },
  { "No": 288, "Kanji": "日本祭り", "Hiragana": "にほんまつり", "Arti": "perayaan Jepang" },
  { "No": 289, "Kanji": "会場", "Hiragana": "かいじょう", "Arti": "ruang pertemuan" },
  { "No": 290, "Kanji": "入場料", "Hiragana": "にゅうじょうりょう", "Arti": "tarif masuk" },
  { "No": 291, "Kanji": "参加者", "Hiragana": "さんかしゃ", "Arti": "peserta" },
  { "No": 292, "Kanji": "急ぎます", "Hiragana": "いそぎます", "Arti": "buru-buru" },
  { "No": 293, "Kanji": "決めます", "Hiragana": "きめます", "Arti": "menentukan" },
  { "No": 294, "Kanji": "知ります", "Hiragana": "しります", "Arti": "mengetahui" },
  { "No": 295, "Kanji": "正月", "Hiragana": "しょうがつ", "Arti": "tahun baru" },
  { "No": 296, "Kanji": "年末", "Hiragana": "ねんまつ", "Arti": "akhir tahun" },
  { "No": 297, "Kanji": "年始", "Hiragana": "ねんし", "Arti": "awal tahun" },
  { "No": 298, "Kanji": "親", "Hiragana": "おや", "Arti": "orang tua" },
  { "No": 299, "Kanji": "忙しい", "Hiragana": "いそがしい", "Arti": "sibuk" },
  { "No": 300, "Kanji": "特別", "Hiragana": "とくべつ", "Arti": "istimewa" },
  { "No": 301, "Kanji": "帰国", "Hiragana": "きこく", "Arti": "pulang ke negara asal" },
  { "No": 302, "Kanji": "喜びます", "Hiragana": "よろこびます", "Arti": "merasa senang, gembira" },
  { "No": 303, "Kanji": "幸せ", "Hiragana": "しあわせ", "Arti": "bahagia" },
  { "No": 304, "Kanji": "成長", "Hiragana": "せいちょう", "Arti": "pertumbuhan, perkembangan" },
  { "No": 305, "Kanji": "長生き", "Hiragana": "ながいき", "Arti": "umur panjang" },
  { "No": 306, "Kanji": "願い事", "Hiragana": "ねがいごと", "Arti": "harapan, keinginan" },
  { "No": 307, "Kanji": "合格", "Hiragana": "ごうかく", "Arti": "lulus" },
  { "No": 308, "Kanji": "試験", "Hiragana": "しけん", "Arti": "ujian" },
  { "No": 309, "Kanji": "大人", "Hiragana": "おとな", "Arti": "orang dewasa" },
  { "No": 310, "Kanji": "～式", "Hiragana": "～しき", "Arti": "upacara" },
  { "No": 311, "Kanji": "～市", "Hiragana": "～し", "Arti": "kota" },
  { "No": 312, "Kanji": "商品", "Hiragana": "しょうひん", "Arti": "barang dagangan" },
  { "No": 313, "Kanji": "電気製品", "Hiragana": "でんきせいひん", "Arti": "peralatan listrik" },
  { "No": 314, "Kanji": "電子レンジ", "Hiragana": "でんしレンジ", "Arti": "oven microwave" },
  { "No": 315, "Kanji": "～機", "Hiragana": "～き", "Arti": "mesin" },
  { "No": 316, "Kanji": "店員", "Hiragana": "てんいん", "Arti": "penjaga toko" },
  { "No": 317, "Kanji": "調子", "Hiragana": "ちょうし", "Arti": "keadaan, kondisi" },
  { "No": 318, "Kanji": "悪い", "Hiragana": "わるい", "Arti": "jelek" },
  { "No": 319, "Kanji": "動きます", "Hiragana": "うごきます", "Arti": "bergerak" },
  { "No": 320, "Kanji": "考えます", "Hiragana": "かんがえます", "Arti": "berpikir" },
  { "No": 321, "Kanji": "音", "Hiragana": "おと", "Arti": "suara" },
  { "No": 322, "Kanji": "出ます", "Hiragana": "でます", "Arti": "keluar" },
  { "No": 323, "Kanji": "機能", "Hiragana": "きのう", "Arti": "fungsi" },
  { "No": 324, "Kanji": "省エネ", "Hiragana": "しょうエネ", "Arti": "penghematan energi" },
  { "No": 325, "Kanji": "日本製", "Hiragana": "にほんせい", "Arti": "buatan Jepang" },
  { "No": 326, "Kanji": "重い", "Hiragana": "おもい", "Arti": "berat" },
  { "No": 327, "Kanji": "軽い", "Hiragana": "かるい", "Arti": "ringan" },
  { "No": 328, "Kanji": "静か", "Hiragana": "しずか", "Arti": "tenang" },
  { "No": 329, "Kanji": "早く", "Hiragana": "はやく", "Arti": "cepat" },
  { "No": 330, "Kanji": "方", "Hiragana": "ほう", "Arti": "arah" },
  { "No": 331, "Kanji": "洗います", "Hiragana": "あらいます", "Arti": "mencuci" },
  { "No": 332, "Kanji": "満足します", "Hiragana": "まんぞくします", "Arti": "merasa puas" },
  { "No": 333, "Kanji": "京都", "Hiragana": "きょうと", "Arti": "Kyoto" },
  { "No": 334, "Kanji": "神社", "Hiragana": "じんじゃ", "Arti": "kuil Shinto" },
  { "No": 335, "Kanji": "お寺", "Hiragana": "おてら", "Arti": "kuil Buddha" },
  { "No": 336, "Kanji": "仏教", "Hiragana": "ぶっきょう", "Arti": "agama Buddha" },
  { "No": 337, "Kanji": "歴史", "Hiragana": "れきし", "Arti": "sejarah" },
  { "No": 338, "Kanji": "世界", "Hiragana": "せかい", "Arti": "dunia" },
  { "No": 339, "Kanji": "中心", "Hiragana": "ちゅうしん", "Arti": "pusat" },
  { "No": 340, "Kanji": "～世紀", "Hiragana": "～せいき", "Arti": "abad" },
  { "No": 341, "Kanji": "～的", "Hiragana": "～てき", "Arti": "bersifat" },
  { "No": 342, "Kanji": "日本的", "Hiragana": "にほんてき", "Arti": "bernuansa Jepang" },
  { "No": 343, "Kanji": "歴史的", "Hiragana": "れきしてき", "Arti": "bersejarah" },
  { "No": 344, "Kanji": "飲食", "Hiragana": "いんしょく", "Arti": "makan minum" },
  { "No": 345, "Kanji": "禁止", "Hiragana": "きんし", "Arti": "larangan" },
  { "No": 346, "Kanji": "説明", "Hiragana": "せつめい", "Arti": "penjelasan" },
  { "No": 347, "Kanji": "道具", "Hiragana": "どうぐ", "Arti": "peralatan" },
  { "No": 348, "Kanji": "博物館", "Hiragana": "はくぶつかん", "Arti": "museum" },
  { "No": 349, "Kanji": "必要", "Hiragana": "ひつよう", "Arti": "kebutuhan" },
  { "No": 350, "Kanji": "～階", "Hiragana": "～かい", "Arti": "lantai" },
  { "No": 351, "Kanji": "油", "Hiragana": "あぶら", "Arti": "minyak, oli" },
  { "No": 352, "Kanji": "紙", "Hiragana": "かみ", "Arti": "kertas" },
  { "No": 353, "Kanji": "温度", "Hiragana": "おんど", "Arti": "suhu, derajat" },
  { "No": 354, "Kanji": "活動", "Hiragana": "かつどう", "Arti": "kegiatan, aktivitas" },
  { "No": 355, "Kanji": "会議室", "Hiragana": "かいぎしつ", "Arti": "ruang rapat" },
  { "No": 356, "Kanji": "寒い", "Hiragana": "さむい", "Arti": "dingin (suhu)" },
  { "No": 357, "Kanji": "出します", "Hiragana": "だします", "Arti": "mengeluarkan, mengirim" },
  { "No": 358, "Kanji": "～度", "Hiragana": "～ど", "Arti": "derajat" },
  { "No": 359, "Kanji": "～点", "Hiragana": "～てん", "Arti": "nilai" },
  { "No": 360, "Kanji": "服", "Hiragana": "ふく", "Arti": "baju, pakaian" },
  { "No": 361, "Kanji": "自転車", "Hiragana": "じてんしゃ", "Arti": "sepeda" },
  { "No": 362, "Kanji": "自動車", "Hiragana": "じどうしゃ", "Arti": "mobil" },
  { "No": 363, "Kanji": "売ります", "Hiragana": "うります", "Arti": "menjual" },
  { "No": 364, "Kanji": "貸します", "Hiragana": "かします", "Arti": "meminjamkan" },
  { "No": 365, "Kanji": "返します", "Hiragana": "かえします", "Arti": "mengembalikan" },
  { "No": 366, "Kanji": "変わります", "Hiragana": "かわります", "Arti": "berubah" },
  { "No": 367, "Kanji": "～用", "Hiragana": "～よう", "Arti": "keperluan" },
  { "No": 368, "Kanji": "子供用", "Hiragana": "こどもよう", "Arti": "untuk anak" },
  { "No": 369, "Kanji": "人生", "Hiragana": "じんせい", "Arti": "kehidupan" },
  { "No": 370, "Kanji": "歌手", "Hiragana": "かしゅ", "Arti": "penyanyi" },
  { "No": 371, "Kanji": "選手", "Hiragana": "せんしゅ", "Arti": "atlet, pemain" },
  { "No": 372, "Kanji": "画家", "Hiragana": "がか", "Arti": "pelukis" },
  { "No": 373, "Kanji": "作家", "Hiragana": "さっか", "Arti": "pengarang" },
  { "No": 374, "Kanji": "入学", "Hiragana": "にゅうがく", "Arti": "masuk sekolah" },
  { "No": 375, "Kanji": "卒業", "Hiragana": "そつぎょう", "Arti": "lulus" },
  { "No": 376, "Kanji": "病気", "Hiragana": "びょうき", "Arti": "sakit" },
  { "No": 377, "Kanji": "若い", "Hiragana": "わかい", "Arti": "muda" },
  { "No": 378, "Kanji": "生まれます", "Hiragana": "うまれます", "Arti": "lahir" },
  { "No": 379, "Kanji": "思い出", "Hiragana": "おもいで", "Arti": "kenangan" },
  { "No": 380, "Kanji": "生活", "Hiragana": "せいかつ", "Arti": "kehidupan" },
  { "No": 381, "Kanji": "映画", "Hiragana": "えいが", "Arti": "film" },
  { "No": 382, "Kanji": "夫", "Hiragana": "おっと", "Arti": "suami" },
  { "No": 383, "Kanji": "妻", "Hiragana": "つま", "Arti": "istri" },
  { "No": 384, "Kanji": "両親", "Hiragana": "りょうしん", "Arti": "orang tua" },
  { "No": 385, "Kanji": "不便", "Hiragana": "ふべん", "Arti": "tidak praktis" },
  { "No": 386, "Kanji": "選びます", "Hiragana": "えらびます", "Arti": "memilih" },
  { "No": 387, "Kanji": "寝ます", "Hiragana": "ねます", "Arti": "tidur" },
  { "No": 388, "Kanji": "サッカー場", "Hiragana": "サッカーじょう", "Arti": "lapangan sepak bola" },
  { "No": 389, "Kanji": "試合", "Hiragana": "しあい", "Arti": "pertandingan" },
  { "No": 390, "Kanji": "日曜日", "Hiragana": "にちようび", "Arti": "Minggu" },
  { "No": 391, "Kanji": "強い", "Hiragana": "つよい", "Arti": "kuat" },
  { "No": 392, "Kanji": "弱い", "Hiragana": "よわい", "Arti": "lemah" },
  { "No": 393, "Kanji": "勝ちます", "Hiragana": "かちます", "Arti": "menang" },
  { "No": 394, "Kanji": "負けます", "Hiragana": "まけます", "Arti": "kalah" },
  { "No": 395, "Kanji": "～対～", "Hiragana": "～たい～", "Arti": "lawan" },
  { "No": 396, "Kanji": "庭", "Hiragana": "にわ", "Arti": "halaman" },
  { "No": 397, "Kanji": "公園", "Hiragana": "こうえん", "Arti": "taman" },
  { "No": 398, "Kanji": "病院", "Hiragana": "びょういん", "Arti": "rumah sakit" },
  { "No": 399, "Kanji": "交通", "Hiragana": "こうつう", "Arti": "lalu lintas" },
  { "No": 400, "Kanji": "通勤", "Hiragana": "つうきん", "Arti": "perjalanan ke kantor" },
  { "No": 401, "Kanji": "安全", "Hiragana": "あんぜん", "Arti": "keselamatan" },
  { "No": 402, "Kanji": "危ない", "Hiragana": "あぶない", "Arti": "bahaya" },
  { "No": 403, "Kanji": "遠い", "Hiragana": "とおい", "Arti": "jauh" },
  { "No": 404, "Kanji": "努めます", "Hiragana": "つとめます", "Arti": "bekerja" },
  { "No": 405, "Kanji": "～以上", "Hiragana": "～いじょう", "Arti": "lebih dari" },
  { "No": 406, "Kanji": "～以下", "Hiragana": "～いか", "Arti": "kurang dari" },
  { "No": 407, "Kanji": "海外", "Hiragana": "かいがい", "Arti": "luar negeri" },
  { "No": 408, "Kanji": "食生活", "Hiragana": "しょくせいかつ", "Arti": "pola makan" },
  { "No": 409, "Kanji": "健康", "Hiragana": "けんこう", "Arti": "kesehatan" },
  { "No": 410, "Kanji": "家庭料理", "Hiragana": "かていりょうり", "Arti": "masakan rumah tangga" },
  { "No": 411, "Kanji": "材料", "Hiragana": "ざいりょう", "Arti": "bahan" },
  { "No": 412, "Kanji": "量", "Hiragana": "りょう", "Arti": "jumlah" },
  { "No": 413, "Kanji": "米", "Hiragana": "こめ", "Arti": "beras" },
  { "No": 414, "Kanji": "～食", "Hiragana": "～しょく", "Arti": "makan" },
  { "No": 415, "Kanji": "朝食", "Hiragana": "ちょうしょく", "Arti": "sarapan" },
  { "No": 416, "Kanji": "昼食", "Hiragana": "ちゅうしょく", "Arti": "makan siang" },
  { "No": 417, "Kanji": "夕食", "Hiragana": "ゆうしょく", "Arti": "makan malam" },
  { "No": 418, "Kanji": "外食", "Hiragana": "がいしょく", "Arti": "makan di luar" },
  { "No": 419, "Kanji": "定食", "Hiragana": "ていしょく", "Arti": "menu tetap" },
  { "No": 420, "Kanji": "住所", "Hiragana": "じゅうしょ", "Arti": "alamat" },
  { "No": 421, "Kanji": "訪問", "Hiragana": "ほうもん", "Arti": "kunjungan" },
  { "No": 422, "Kanji": "経験", "Hiragana": "けいけん", "Arti": "pengalaman" },
  { "No": 423, "Kanji": "親切", "Hiragana": "しんせつ", "Arti": "ramah" },
  { "No": 424, "Kanji": "座ります", "Hiragana": "すわります", "Arti": "duduk" },
  { "No": 425, "Kanji": "立ちます", "Hiragana": "たちます", "Arti": "berdiri" },
  { "No": 426, "Kanji": "～観", "Hiragana": "～かん", "Arti": "pandangan" },
  { "No": 427, "Kanji": "約～", "Hiragana": "やく～", "Arti": "sekitar" },
  { "No": 428, "Kanji": "計画", "Hiragana": "けいかく", "Arti": "rencana" },
  { "No": 429, "Kanji": "自信", "Hiragana": "じしん", "Arti": "percaya diri" },
  { "No": 430, "Kanji": "方法", "Hiragana": "ほうほう", "Arti": "cara" },
  { "No": 431, "Kanji": "目的", "Hiragana": "もくてき", "Arti": "tujuan" },
  { "No": 432, "Kanji": "難しい", "Hiragana": "むずかしい", "Arti": "sulit" },
  { "No": 433, "Kanji": "通じます", "Hiragana": "つうじます", "Arti": "berhubungan" },
  { "No": 434, "Kanji": "習います", "Hiragana": "ならいます", "Arti": "belajar" },
  { "No": 435, "Kanji": "学びます", "Hiragana": "まなびます", "Arti": "belajar" },
  { "No": 436, "Kanji": "～級", "Hiragana": "～きゅう", "Arti": "tingkat" },
  { "No": 437, "Kanji": "初級", "Hiragana": "しょきゅう", "Arti": "tingkat dasar" },
  { "No": 438, "Kanji": "中級", "Hiragana": "ちゅうきゅう", "Arti": "tingkat menengah" },
  { "No": 439, "Kanji": "上級", "Hiragana": "じょうきゅう", "Arti": "tingkat atas" },
  { "No": 440, "Kanji": "相手", "Hiragana": "あいて", "Arti": "lawan, pasangan" },
  { "No": 441, "Kanji": "気持ち", "Hiragana": "きもち", "Arti": "perasaan" },
  { "No": 442, "Kanji": "恋人", "Hiragana": "こいびと", "Arti": "pacar" },
  { "No": 443, "Kanji": "出会い", "Hiragana": "であい", "Arti": "pertemuan" },
  { "No": 444, "Kanji": "最近", "Hiragana": "さいきん", "Arti": "akhir-akhir ini" },
  { "No": 445, "Kanji": "最高", "Hiragana": "さいこう", "Arti": "tertinggi" },
  { "No": 446, "Kanji": "出席", "Hiragana": "しゅっせき", "Arti": "kehadiran" },
  { "No": 447, "Kanji": "招待", "Hiragana": "しょうたい", "Arti": "undangan" },
  { "No": 448, "Kanji": "～合う", "Hiragana": "～あう", "Arti": "cocok" },
  { "No": 449, "Kanji": "社会人", "Hiragana": "しゃかいじん", "Arti": "anggota masyarakat" },
  { "No": 450, "Kanji": "職場", "Hiragana": "しょくば", "Arti": "tempat kerja" },
  { "No": 451, "Kanji": "給料", "Hiragana": "きゅうりょう", "Arti": "gaji" },
  { "No": 452, "Kanji": "人間関係", "Hiragana": "にんげんかんけい", "Arti": "hubungan antar manusia" },
  { "No": 453, "Kanji": "親友", "Hiragana": "しんゆう", "Arti": "teman karib" },
  { "No": 454, "Kanji": "恋愛", "Hiragana": "れんあい", "Arti": "percintaan" },
  { "No": 455, "Kanji": "相談", "Hiragana": "そうだん", "Arti": "musyawarah" },
  { "No": 456, "Kanji": "心", "Hiragana": "こころ", "Arti": "hati" },
  { "No": 457, "Kanji": "心配", "Hiragana": "しんぱい", "Arti": "khawatir" },
  { "No": 458, "Kanji": "不安", "Hiragana": "ふあん", "Arti": "kegelisahan" },
  { "No": 459, "Kanji": "お客様", "Hiragana": "おきゃくさま", "Arti": "tamu" },
  { "No": 460, "Kanji": "手続き", "Hiragana": "てつづき", "Arti": "prosedur" },
  { "No": 461, "Kanji": "飛行機", "Hiragana": "ひこうき", "Arti": "pesawat terbang" },
  { "No": 462, "Kanji": "変更", "Hiragana": "へんこう", "Arti": "perubahan" },
  { "No": 463, "Kanji": "予定", "Hiragana": "よてい", "Arti": "rencana" },
  { "No": 464, "Kanji": "利用", "Hiragana": "りよう", "Arti": "penggunaan" },
  { "No": 465, "Kanji": "忘れ物", "Hiragana": "わすれもの", "Arti": "barang tertinggal" },
  { "No": 466, "Kanji": "助けます", "Hiragana": "たすけます", "Arti": "menolong" },
  { "No": 467, "Kanji": "～航空", "Hiragana": "～こうくう", "Arti": "penerbangan" },
  { "No": 468, "Kanji": "～便", "Hiragana": "～びん", "Arti": "penerbangan" },
  { "No": 469, "Kanji": "体力", "Hiragana": "たいりょく", "Arti": "kekuatan fisik" },
  { "No": 470, "Kanji": "協力", "Hiragana": "きょうりょく", "Arti": "kerja sama" },
  { "No": 471, "Kanji": "担当", "Hiragana": "たんとう", "Arti": "petugas" },
  { "No": 472, "Kanji": "報告", "Hiragana": "ほうこく", "Arti": "laporan" },
  { "No": 473, "Kanji": "連絡", "Hiragana": "れんらく", "Arti": "menghubungi" },
  { "No": 474, "Kanji": "募集", "Hiragana": "ぼしゅう", "Arti": "perekrutan" },
  { "No": 475, "Kanji": "輸出", "Hiragana": "ゆしゅつ", "Arti": "ekspor" },
  { "No": 476, "Kanji": "輸入", "Hiragana": "ゆにゅう", "Arti": "impor" },
  { "No": 477, "Kanji": "会話", "Hiragana": "かいわ", "Arti": "percakapan" },
  { "No": 478, "Kanji": "形", "Hiragana": "かたち", "Arti": "bentuk" },
  { "No": 479, "Kanji": "漢字", "Hiragana": "かんじ", "Arti": "kanji" },
  { "No": 480, "Kanji": "答え", "Hiragana": "こたえ", "Arti": "jawaban" },
  { "No": 481, "Kanji": "質問", "Hiragana": "しつもん", "Arti": "pertanyaan" },
  { "No": 482, "Kanji": "正しい", "Hiragana": "ただしい", "Arti": "benar" },
  { "No": 483, "Kanji": "読解", "Hiragana": "どっかい", "Arti": "bacaan" },
  { "No": 484, "Kanji": "表現", "Hiragana": "ひょうげん", "Arti": "ungkapan" },
  { "No": 485, "Kanji": "文", "Hiragana": "ぶん", "Arti": "kalimat" },
  { "No": 486, "Kanji": "文型", "Hiragana": "ぶんけい", "Arti": "pola kalimat" },
  { "No": 487, "Kanji": "文法", "Hiragana": "ぶんぽう", "Arti": "tata bahasa" },
  { "No": 488, "Kanji": "もう一度", "Hiragana": "もういちど", "Arti": "sekali lagi" },
  { "No": 489, "Kanji": "例", "Hiragana": "れい", "Arti": "contoh" },
  { "No": 490, "Kanji": "練習", "Hiragana": "れんしゅう", "Arti": "latihan" },
  { "No": 491, "Kanji": "～枚", "Hiragana": "～まい", "Arti": "lembar" },
  { "No": 492, "Kanji": "今週", "Hiragana": "こんしゅう", "Arti": "minggu ini" },
  { "No": 493, "Kanji": "今度", "Hiragana": "こんど", "Arti": "lain kali" },
  { "No": 494, "Kanji": "横", "Hiragana": "よこ", "Arti": "sebelah" },
  { "No": 495, "Kanji": "押します", "Hiragana": "おします", "Arti": "menekan" },
  { "No": 496, "Kanji": "引きます", "Hiragana": "ひきます", "Arti": "menarik" },
  { "No": 497, "Kanji": "温泉", "Hiragana": "おんせん", "Arti": "pemandian air panas" },
  { "No": 498, "Kanji": "来週", "Hiragana": "らいしゅう", "Arti": "minggu depan" },
  { "No": 499, "Kanji": "犬", "Hiragana": "いぬ", "Arti": "anjing" },
  { "No": 500, "Kanji": "夕方", "Hiragana": "ゆうがた", "Arti": "sore" },
  { "No": 501, "Kanji": "季節", "Hiragana": "きせつ", "Arti": "musim" },
  { "No": 502, "Kanji": "昨日", "Hiragana": "きのう", "Arti": "kemarin" },
  { "No": 503, "Kanji": "明日", "Hiragana": "あした", "Arti": "besok" },
  { "No": 504, "Kanji": "食堂", "Hiragana": "しょくどう", "Arti": "kantin" },
  { "No": 505, "Kanji": "銀行", "Hiragana": "ぎんこう", "Arti": "bank" },
  { "No": 506, "Kanji": "受付", "Hiragana": "うけつけ", "Arti": "resepsionis" },
  { "No": 507, "Kanji": "門", "Hiragana": "もん", "Arti": "gerbang" },
  { "No": 508, "Kanji": "登ります", "Hiragana": "のぼります", "Arti": "mendaki" },
  { "No": 509, "Kanji": "教科書", "Hiragana": "きょうかしょ", "Arti": "buku pelajaran" },
  { "No": 510, "Kanji": "教室", "Hiragana": "きょうしつ", "Arti": "ruang kelas" },
  { "No": 511, "Kanji": "参加します", "Hiragana": "さんかします", "Arti": "berpartisipasi" },
  { "No": 512, "Kanji": "用意します", "Hiragana": "よういします", "Arti": "menyiapkan" },
  { "No": 513, "Kanji": "牛肉", "Hiragana": "ぎゅうにく", "Arti": "daging sapi" },
  { "No": 514, "Kanji": "豚肉", "Hiragana": "ぶたにく", "Arti": "daging babi" },
  { "No": 515, "Kanji": "皿", "Hiragana": "さら", "Arti": "piring" },
  { "No": 516, "Kanji": "お湯", "Hiragana": "おゆ", "Arti": "air panas" },
  { "No": 517, "Kanji": "調理方法", "Hiragana": "ちょうりほうほう", "Arti": "cara memasak" },
  { "No": 518, "Kanji": "甘い", "Hiragana": "あまい", "Arti": "manis" },
  { "No": 519, "Kanji": "辛い", "Hiragana": "からい", "Arti": "pedas" },
  { "No": 520, "Kanji": "数字", "Hiragana": "すうじ", "Arti": "angka" },
  { "No": 521, "Kanji": "机", "Hiragana": "つくえ", "Arti": "meja" },
  { "No": 522, "Kanji": "都合", "Hiragana": "つごう", "Arti": "keadaan" },
  { "No": 523, "Kanji": "用事", "Hiragana": "ようじ", "Arti": "keperluan" },
  { "No": 524, "Kanji": "氏名", "Hiragana": "しめい", "Arti": "nama lengkap" },
  { "No": 525, "Kanji": "理由", "Hiragana": "りゆう", "Arti": "alasan" },
  { "No": 526, "Kanji": "別に", "Hiragana": "べつに", "Arti": "tidak khusus" },
  { "No": 527, "Kanji": "連絡先", "Hiragana": "れんらくさき", "Arti": "alamat kontak" },
  { "No": 528, "Kanji": "吸います", "Hiragana": "すいます", "Arti": "menghisap" },
  { "No": 529, "Kanji": "取ります", "Hiragana": "とります", "Arti": "mengambil" },
  { "No": 530, "Kanji": "伝えます", "Hiragana": "つたえます", "Arti": "menyampaikan" },
  { "No": 531, "Kanji": "熱", "Hiragana": "ねつ", "Arti": "demam" },
  { "No": 532, "Kanji": "薬", "Hiragana": "くすり", "Arti": "obat" },
  { "No": 533, "Kanji": "医者", "Hiragana": "いしゃ", "Arti": "dokter" },
  { "No": 534, "Kanji": "～才", "Hiragana": "～さい", "Arti": "umur" },
  { "No": 535, "Kanji": "眠い", "Hiragana": "ねむい", "Arti": "mengantuk" },
  { "No": 536, "Kanji": "記入します", "Hiragana": "きにゅうします", "Arti": "mengisi (formulir)" },
  { "No": 537, "Kanji": "顔", "Hiragana": "かお", "Arti": "wajah" },
  { "No": 538, "Kanji": "泣きます", "Hiragana": "なきます", "Arti": "menangis" },
  { "No": 539, "Kanji": "会計", "Hiragana": "かいけい", "Arti": "pembayaran" },
  { "No": 540, "Kanji": "電話番号", "Hiragana": "でんわばんごう", "Arti": "nomor telepon" },
  { "No": 541, "Kanji": "牛乳", "Hiragana": "ぎゅうにゅう", "Arti": "susu" },
  { "No": 542, "Kanji": "禁煙", "Hiragana": "きんえん", "Arti": "larangan merokok" },
  { "No": 543, "Kanji": "自由", "Hiragana": "じゆう", "Arti": "bebas" },
  { "No": 544, "Kanji": "切ります", "Hiragana": "きります", "Arti": "memotong" },
  { "No": 545, "Kanji": "焼きます", "Hiragana": "やきます", "Arti": "memanggang" },
  { "No": 546, "Kanji": "旅館", "Hiragana": "りょかん", "Arti": "penginapan" },
  { "No": 547, "Kanji": "遊びます", "Hiragana": "あそびます", "Arti": "bermain" },
  { "No": 548, "Kanji": "調べます", "Hiragana": "しらべます", "Arti": "memeriksa" },
  { "No": 549, "Kanji": "事故", "Hiragana": "じこ", "Arti": "kecelakaan" },
  { "No": 550, "Kanji": "故障", "Hiragana": "こしょう", "Arti": "kerusakan" },
  { "No": 551, "Kanji": "指定席", "Hiragana": "していせき", "Arti": "tempat duduk khusus" },
  { "No": 552, "Kanji": "光ります", "Hiragana": "ひかります", "Arti": "bercahaya" },
  { "No": 553, "Kanji": "お知らせ", "Hiragana": "おしらせ", "Arti": "pengumuman" },
  { "No": 554, "Kanji": "水道", "Hiragana": "すいどう", "Arti": "air ledeng" },
  { "No": 555, "Kanji": "工事", "Hiragana": "こうじ", "Arti": "konstruksi" },
  { "No": 556, "Kanji": "場合", "Hiragana": "ばあい", "Arti": "kasus" },
  { "No": 557, "Kanji": "条件", "Hiragana": "じょうけん", "Arti": "syarat" },
  { "No": 558, "Kanji": "開きます", "Hiragana": "ひらきます", "Arti": "membuka" },
  { "No": 559, "Kanji": "生産します", "Hiragana": "せいさんします", "Arti": "memproduksi" },
  { "No": 560, "Kanji": "体験", "Hiragana": "たいけん", "Arti": "pengalaman" },
  { "No": 561, "Kanji": "国際交流", "Hiragana": "こくさいこうりゅう", "Arti": "pertukaran internasional" },
  { "No": 562, "Kanji": "申し込みます", "Hiragana": "もうしこみます", "Arti": "melamar" },
  { "No": 563, "Kanji": "昨年", "Hiragana": "さくねん", "Arti": "tahun lalu" },
  { "No": 564, "Kanji": "毎年", "Hiragana": "まいとし", "Arti": "setiap tahun" },
  { "No": 565, "Kanji": "袋", "Hiragana": "ふくろ", "Arti": "kantong plastik" },
  { "No": 566, "Kanji": "店長", "Hiragana": "てんちょう", "Arti": "manajer toko" },
  { "No": 567, "Kanji": "全員", "Hiragana": "ぜんいん", "Arti": "semuanya" },
  { "No": 568, "Kanji": "習慣", "Hiragana": "しゅうかん", "Arti": "kebiasaan" },
  { "No": 569, "Kanji": "普通", "Hiragana": "ふつう", "Arti": "biasa" },
  { "No": 570, "Kanji": "暗い", "Hiragana": "くらい", "Arti": "gelap" },
  { "No": 571, "Kanji": "怒ります", "Hiragana": "おこります", "Arti": "marah" },
  { "No": 572, "Kanji": "入院します", "Hiragana": "にゅういんします", "Arti": "dirawat di rumah sakit" },
  { "No": 573, "Kanji": "退院します", "Hiragana": "たいいんします", "Arti": "keluar rumah sakit" },
  { "No": 574, "Kanji": "急に", "Hiragana": "きゅうに", "Arti": "tiba-tiba" },
  { "No": 575, "Kanji": "営業します", "Hiragana": "えいぎょうします", "Arti": "beroperasi" },
  { "No": 576, "Kanji": "案内します", "Hiragana": "あんないします", "Arti": "memandu" },
  { "No": 577, "Kanji": "値段", "Hiragana": "ねだん", "Arti": "harga" },
  { "No": 578, "Kanji": "価格", "Hiragana": "かかく", "Arti": "harga" },
  { "No": 579, "Kanji": "消費税", "Hiragana": "しょうひぜい", "Arti": "pajak konsumsi" },
  { "No": 580, "Kanji": "税別", "Hiragana": "ぜいべつ", "Arti": "belum termasuk pajak" },
  { "No": 581, "Kanji": "図書館", "Hiragana": "としょかん", "Arti": "perpustakaan" },
  { "No": 582, "Kanji": "開きます", "Hiragana": "あきます", "Arti": "terbuka" },
  { "No": 583, "Kanji": "閉まります", "Hiragana": "しまります", "Arti": "tertutup" },
  { "No": 584, "Kanji": "利用します", "Hiragana": "りようします", "Arti": "menggunakan" },
  { "No": 585, "Kanji": "窓口", "Hiragana": "まどぐち", "Arti": "loket" },
  { "No": 586, "Kanji": "郵便局", "Hiragana": "ゆうびんきょく", "Arti": "kantor pos" },
  { "No": 587, "Kanji": "近所", "Hiragana": "きんじょ", "Arti": "tetangga" },
  { "No": 588, "Kanji": "自動", "Hiragana": "じどう", "Arti": "otomatis" },
  { "No": 589, "Kanji": "危険", "Hiragana": "きけん", "Arti": "bahaya" },
  { "No": 590, "Kanji": "～種類", "Hiragana": "～しゅるい", "Arti": "jenis" },
  { "No": 591, "Kanji": "消します", "Hiragana": "けします", "Arti": "memadamkan" },
  { "No": 592, "Kanji": "捨てます", "Hiragana": "すてます", "Arti": "membuang" },
  { "No": 593, "Kanji": "分けます", "Hiragana": "わけます", "Arti": "membagi" },
  { "No": 594, "Kanji": "燃えます", "Hiragana": "もえます", "Arti": "terbakar" },
  { "No": 595, "Kanji": "設定します", "Hiragana": "せっていします", "Arti": "menyetel" },
  { "No": 596, "Kanji": "地震", "Hiragana": "じしん", "Arti": "gempa bumi" },
  { "No": 597, "Kanji": "台風", "Hiragana": "たいふう", "Arti": "angin topan" },
  { "No": 598, "Kanji": "声", "Hiragana": "こえ", "Arti": "suara (makhluk hidup)" },
  { "No": 599, "Kanji": "大切な", "Hiragana": "たいせつな", "Arti": "penting" },
  { "No": 600, "Kanji": "進みます", "Hiragana": "すすみます", "Arti": "maju" },
  { "No": 601, "Kanji": "授業", "Hiragana": "じゅぎょう", "Arti": "pelajaran" },
  { "No": 602, "Kanji": "大変な", "Hiragana": "たいへんな", "Arti": "berat, sulit" },
  { "No": 603, "Kanji": "困ります", "Hiragana": "こまります", "Arti": "kesulitan" },
  { "No": 604, "Kanji": "違います", "Hiragana": "ちがいます", "Arti": "berbeda, salah" },
  { "No": 605, "Kanji": "慣れます", "Hiragana": "なれます", "Arti": "terbiasa" },
  { "No": 606, "Kanji": "増えます", "Hiragana": "ふえます", "Arti": "bertambah" },
  { "No": 607, "Kanji": "笑います", "Hiragana": "わらいます", "Arti": "tertawa" },
  { "No": 608, "Kanji": "苦労します", "Hiragana": "くろうします", "Arti": "bersusah payah" },
  { "No": 609, "Kanji": "希望", "Hiragana": "きぼう", "Arti": "harapan" },
  { "No": 610, "Kanji": "特に", "Hiragana": "とくに", "Arti": "terutama" },
  { "No": 611, "Kanji": "建てます", "Hiragana": "たてます", "Arti": "mendirikan" },
  { "No": 612, "Kanji": "続けます", "Hiragana": "つづけます", "Arti": "melanjutkan" },
  { "No": 613, "Kanji": "役に立ちます", "Hiragana": "やくにたちます", "Arti": "bermanfaat" }
]